region,us-east-2,az,us-east-2a,hostname,host-WgAuL,2020-03-18 02:56:02.342000000,MILLISECONDS,cpu_utilization,59.16598729806647,DOUBLE,memory_utilization,57.18926269056821,DOUBLE
region,us-east-1,az,us-east-1b,hostname,host-EOh5a,2020-03-18 01:28:46.608000000,MILLISECONDS,memory_utilization,66.99426972454896,DOUBLE,cpu_utilization,90.75165411419735,DOUBLE
region,eu-north-1,az,eu-north-1b,hostname,host-9X6GC,2020-03-18 02:38:21.053000000,MILLISECONDS,memory_utilization,79.76881506302053,DOUBLE,cpu_utilization,90.25490072495825,DOUBLE
region,us-east-2,az,us-east-2c,hostname,host-N4vmd,2020-03-18 02:37:47.612000000,MILLISECONDS,memory_utilization,76.47342463331992,DOUBLE,cpu_utilization,57.17354649115905,DOUBLE
region,us-west-2,az,us-west-2b,hostname,host-7c897,2020-03-18 03:05:59.624000000,MILLISECONDS,cpu_utilization,18.781199753359324,DOUBLE,memory_utilization,40.09304744826825,DOUBLE
region,eu-central-1,az,eu-central-1a,hostname,host-NoHmk,2020-03-18 01:57:53.626000000,MILLISECONDS,memory_utilization,67.50231723762353,DOUBLE,cpu_utilization,86.24027029331403,DOUBLE
region,us-west-1,az,us-west-1c,hostname,host-rkVfe,2020-03-18 02:39:45.008000000,MILLISECONDS,memory_utilization,63.71674795928346,DOUBLE,cpu_utilization,37.06383339923301,DOUBLE
region,ap-east-1,az,ap-east-1b,hostname,host-xfxV1,2020-03-18 03:00:27.700000000,MILLISECONDS,cpu_utilization,58.53032203904457,DOUBLE,memory_utilization,84.4492439118102,DOUBLE
region,us-east-1,az,us-east-1c,hostname,host-G042D,2020-03-18 02:13:39.743000000,MILLISECONDS,cpu_utilization,78.86113129182489,DOUBLE,memory_utilization,39.02407461278921,DOUBLE
region,eu-central-1,az,eu-central-1b,hostname,host-lPyRj,2020-03-18 03:17:36.043000000,MILLISECONDS,memory_utilization,60.79507921547667,DOUBLE,cpu_utilization,72.36282593705033,DOUBLE
region,us-east-1,az,us-east-1b,hostname,host-mjrQb,2020-03-18 01:31:54.117000000,MILLISECONDS,memory_utilization,29.31840406216706,DOUBLE,cpu_utilization,20.137526290951268,DOUBLE
region,ap-east-1,az,ap-east-1c,hostname,host-39Hem,2020-03-18 03:25:17.872000000,MILLISECONDS,cpu_utilization,14.933399956789872,DOUBLE,memory_utilization,11.138483880241585,DOUBLE
region,us-west-1,az,us-west-1a,hostname,host-dCRm0,2020-03-18 03:01:42.385000000,MILLISECONDS,memory_utilization,55.32267440243182,DOUBLE,cpu_utilization,39.344728977758166,DOUBLE
region,ap-east-1,az,ap-east-1a,hostname,host-KCYu6,2020-03-18 02:33:06.981000000,MILLISECONDS,cpu_utilization,25.26474427243231,DOUBLE,memory_utilization,74.48828519400348,DOUBLE
region,us-east-1,az,us-east-1c,hostname,host-AyWSI,2020-03-18 01:29:15.380000000,MILLISECONDS,cpu_utilization,23.094965008959843,DOUBLE,memory_utilization,52.87315694905238,DOUBLE
region,us-west-2,az,us-west-2c,hostname,host-8EBHm,2020-03-18 02:17:30.440000000,MILLISECONDS,cpu_utilization,53.31377258025172,DOUBLE,memory_utilization,64.63008159019782,DOUBLE
region,us-east-1,az,us-east-1c,hostname,host-4Llhu,2020-03-18 03:25:10.260000000,MILLISECONDS,cpu_utilization,3.990004155232255,DOUBLE,memory_utilization,89.28387723349664,DOUBLE
region,ap-east-1,az,ap-east-1a,hostname,host-MqLuQ,2020-03-18 01:54:52.728000000,MILLISECONDS,cpu_utilization,93.39610810307786,DOUBLE,memory_utilization,66.71858101967614,DOUBLE
region,eu-north-1,az,eu-north-1a,hostname,host-GUK1T,2020-03-18 02:33:36.856000000,MILLISECONDS,cpu_utilization,48.18799872754169,DOUBLE,memory_utilization,11.153945321050545,DOUBLE
region,eu-north-1,az,eu-north-1a,hostname,host-GUK1T,2020-03-18 01:47:41.205000000,MILLISECONDS,memory_utilization,65.15018747027959,DOUBLE,cpu_utilization,62.97768019006632,DOUBLE
region,us-east-2,az,us-east-2a,hostname,host-33qyR,2020-03-18 02:33:03.128000000,MILLISECONDS,memory_utilization,64.3647639583946,DOUBLE,cpu_utilization,57.64727386970896,DOUBLE
region,eu-north-1,az,eu-north-1b,hostname,host-t4XZj,2020-03-18 03:14:34.583000000,MILLISECONDS,cpu_utilization,81.84201401515206,DOUBLE,memory_utilization,79.72641610619203,DOUBLE
region,eu-central-1,az,eu-central-1b,hostname,host-AyzHS,2020-03-18 01:59:15.468000000,MILLISECONDS,memory_utilization,41.63905620110222,DOUBLE,cpu_utilization,92.70822909769561,DOUBLE
region,eu-central-1,az,eu-central-1c,hostname,host-we4v0,2020-03-18 02:28:21.126000000,MILLISECONDS,cpu_utilization,66.90552586638198,DOUBLE,memory_utilization,22.860926720630317,DOUBLE
region,us-west-2,az,us-west-2b,hostname,host-IV4FI,2020-03-18 02:30:29.576000000,MILLISECONDS,cpu_utilization,2.347121528962808,DOUBLE,memory_utilization,79.68674842521611,DOUBLE
region,us-west-2,az,us-west-2a,hostname,host-9VMZh,2020-03-18 02:35:47.518000000,MILLISECONDS,memory_utilization,11.888286614247097,DOUBLE,cpu_utilization,79.73963845602974,DOUBLE
region,eu-central-1,az,eu-central-1b,hostname,host-AyzHS,2020-03-18 01:54:55.699000000,MILLISECONDS,cpu_utilization,79.86885384837862,DOUBLE,memory_utilization,36.79175231554421,DOUBLE
region,eu-central-1,az,eu-central-1b,hostname,host-vavkJ,2020-03-18 01:57:39.908000000,MILLISECONDS,cpu_utilization,69.61940223175282,DOUBLE,memory_utilization,30.9774504018511,DOUBLE
region,eu-central-1,az,eu-central-1b,hostname,host-7UesJ,2020-03-18 03:31:46.743000000,MILLISECONDS,cpu_utilization,37.30614180291646,DOUBLE,memory_utilization,64.3397861669336,DOUBLE
region,ap-east-1,az,ap-east-1c,hostname,host-k4tpD,2020-03-18 02:24:31.793000000,MILLISECONDS,memory_utilization,41.69392740989521,DOUBLE,cpu_utilization,5.0994717613444145,DOUBLE
region,us-west-2,az,us-west-2b,hostname,host-Sgtwt,2020-03-18 01:42:16.501000000,MILLISECONDS,memory_utilization,55.63509192281229,DOUBLE,cpu_utilization,62.03166256228998,DOUBLE
region,us-east-1,az,us-east-1b,hostname,host-D4hV2,2020-03-18 02:24:23.307000000,MILLISECONDS,cpu_utilization,13.428509136115942,DOUBLE,memory_utilization,61.76187593777597,DOUBLE
region,us-west-1,az,us-west-1c,hostname,host-RFfGg,2020-03-18 03:07:01.206000000,MILLISECONDS,cpu_utilization,78.5216780699863,DOUBLE,memory_utilization,52.45938039557587,DOUBLE
region,us-west-2,az,us-west-2a,hostname,host-JeWin,2020-03-18 01:42:01.183000000,MILLISECONDS,cpu_utilization,50.75129908156646,DOUBLE,memory_utilization,74.7628131872192,DOUBLE
region,us-east-1,az,us-east-1c,hostname,host-AyWSI,2020-03-18 01:58:52.575000000,MILLISECONDS,cpu_utilization,63.24288445230902,DOUBLE,memory_utilization,13.986198499499283,DOUBLE
region,us-east-2,az,us-east-2c,hostname,host-huBtj,2020-03-18 02:23:19.045000000,MILLISECONDS,memory_utilization,44.54438099657227,DOUBLE,cpu_utilization,36.11985518139467,DOUBLE
region,eu-north-1,az,eu-north-1c,hostname,host-2z8tn,2020-03-18 02:41:11.807000000,MILLISECONDS,memory_utilization,63.4781755858651,DOUBLE,cpu_utilization,9.349576993831548,DOUBLE
region,us-west-1,az,us-west-1a,hostname,host-dCRm0,2020-03-18 02:54:15.708000000,MILLISECONDS,cpu_utilization,49.39337270695002,DOUBLE,memory_utilization,83.26123750196565,DOUBLE
region,us-east-1,az,us-east-1a,hostname,host-sxj7X,2020-03-18 02:22:34.415000000,MILLISECONDS,cpu_utilization,77.33529980932991,DOUBLE,memory_utilization,67.64346870125644,DOUBLE
region,eu-north-1,az,eu-north-1b,hostname,host-OsrR6,2020-03-18 03:05:25.599000000,MILLISECONDS,cpu_utilization,47.3058698438152,DOUBLE,memory_utilization,15.337175005671302,DOUBLE
region,ap-east-1,az,ap-east-1a,hostname,host-EREJk,2020-03-18 02:56:06.149000000,MILLISECONDS,cpu_utilization,99.31409855495083,DOUBLE,memory_utilization,71.01009554320883,DOUBLE
region,us-west-1,az,us-west-1a,hostname,host-yBO2U,2020-03-18 02:07:51.494000000,MILLISECONDS,memory_utilization,79.123221057205,DOUBLE,cpu_utilization,87.38777044174368,DOUBLE
region,us-east-1,az,us-east-1a,hostname,host-6kMPE,2020-03-18 03:06:19.551000000,MILLISECONDS,cpu_utilization,94.89574417260873,DOUBLE,memory_utilization,50.34054691455418,DOUBLE
region,eu-north-1,az,eu-north-1c,hostname,host-9FczW,2020-03-18 01:39:40.372000000,MILLISECONDS,memory_utilization,54.17559885750083,DOUBLE,cpu_utilization,21.14650840265558,DOUBLE
region,us-east-2,az,us-east-2c,hostname,host-IUYO1,2020-03-18 02:57:46.171000000,MILLISECONDS,cpu_utilization,77.24360956152347,DOUBLE,memory_utilization,72.92596480398117,DOUBLE
region,us-east-1,az,us-east-1b,hostname,host-mjrQb,2020-03-18 03:28:16.802000000,MILLISECONDS,cpu_utilization,12.705459089344485,DOUBLE,memory_utilization,60.038490829468074,DOUBLE
region,ap-east-1,az,ap-east-1c,hostname,host-k4tpD,2020-03-18 02:22:16.512000000,MILLISECONDS,memory_utilization,16.048949783770674,DOUBLE,cpu_utilization,15.973208810080134,DOUBLE
region,us-west-2,az,us-west-2a,hostname,host-JeWin,2020-03-18 01:45:45.674000000,MILLISECONDS,memory_utilization,85.59905574134379,DOUBLE,cpu_utilization,64.43320642126406,DOUBLE
region,ap-east-1,az,ap-east-1a,hostname,host-KCYu6,2020-03-18 01:52:33.910000000,MILLISECONDS,memory_utilization,44.30310594992308,DOUBLE,cpu_utilization,64.08096071967344,DOUBLE
region,us-east-1,az,us-east-1a,hostname,host-6kMPE,2020-03-18 02:13:51.066000000,MILLISECONDS,cpu_utilization,72.55739005763141,DOUBLE,memory_utilization,40.1248817649675,DOUBLE
region,ap-east-1,az,ap-east-1c,hostname,host-39Hem,2020-03-18 01:40:44.264000000,MILLISECONDS,memory_utilization,44.25467278219198,DOUBLE,cpu_utilization,49.85330344138083,DOUBLE
region,eu-central-1,az,eu-central-1b,hostname,host-vavkJ,2020-03-18 03:30:54.036000000,MILLISECONDS,memory_utilization,14.991285509870975,DOUBLE,cpu_utilization,67.77519685708823,DOUBLE
region,us-east-2,az,us-east-2b,hostname,host-XsevF,2020-03-18 02:09:42.644000000,MILLISECONDS,memory_utilization,17.75571812207574,DOUBLE,cpu_utilization,86.88452385526449,DOUBLE
region,eu-north-1,az,eu-north-1b,hostname,host-ikX7M,2020-03-18 01:43:23.047000000,MILLISECONDS,cpu_utilization,72.6290930934576,DOUBLE,memory_utilization,76.75744789936296,DOUBLE
region,eu-central-1,az,eu-central-1a,hostname,host-7ox7I,2020-03-18 02:45:15.381000000,MILLISECONDS,memory_utilization,39.39653769309578,DOUBLE,cpu_utilization,62.15461886786079,DOUBLE
region,ap-east-1,az,ap-east-1c,hostname,host-SgUNZ,2020-03-18 02:54:35.308000000,MILLISECONDS,cpu_utilization,70.70996782554481,DOUBLE,memory_utilization,32.12858324780711,DOUBLE
region,ap-east-1,az,ap-east-1b,hostname,host-5tFc4,2020-03-18 03:08:50.312000000,MILLISECONDS,memory_utilization,12.748555164324502,DOUBLE,cpu_utilization,93.1366754427158,DOUBLE
region,us-west-2,az,us-west-2a,hostname,host-JeWin,2020-03-18 02:23:46.085000000,MILLISECONDS,cpu_utilization,93.58367774655639,DOUBLE,memory_utilization,80.74036897575822,DOUBLE
region,us-west-2,az,us-west-2c,hostname,host-CWdXX,2020-03-18 02:18:49.736000000,MILLISECONDS,memory_utilization,56.14366879052714,DOUBLE,cpu_utilization,4.134842566981483,DOUBLE
region,us-east-2,az,us-east-2a,hostname,host-33qyR,2020-03-18 02:29:47.705000000,MILLISECONDS,memory_utilization,19.52502452616673,DOUBLE,cpu_utilization,95.768794913686,DOUBLE
region,us-west-2,az,us-west-2c,hostname,host-CWdXX,2020-03-18 01:57:08.893000000,MILLISECONDS,memory_utilization,64.53225464097812,DOUBLE,cpu_utilization,54.0958297773818,DOUBLE
region,eu-central-1,az,eu-central-1b,hostname,host-XzAwk,2020-03-18 02:09:07.155000000,MILLISECONDS,memory_utilization,10.180003914051818,DOUBLE,cpu_utilization,64.43740547754669,DOUBLE
region,us-west-1,az,us-west-1a,hostname,host-dCRm0,2020-03-18 03:28:59.125000000,MILLISECONDS,cpu_utilization,72.12198619530466,DOUBLE,memory_utilization,89.19797497169944,DOUBLE
region,eu-north-1,az,eu-north-1b,hostname,host-t4XZj,2020-03-18 03:32:27.005000000,MILLISECONDS,cpu_utilization,54.58140580955917,DOUBLE,memory_utilization,18.00716339184288,DOUBLE
region,us-west-2,az,us-west-2a,hostname,host-JeWin,2020-03-18 01:52:46.341000000,MILLISECONDS,cpu_utilization,46.41920302348677,DOUBLE,memory_utilization,35.193551000794244,DOUBLE
region,ap-east-1,az,ap-east-1b,hostname,host-1L7b8,2020-03-18 03:19:11.649000000,MILLISECONDS,memory_utilization,50.78683507072465,DOUBLE,cpu_utilization,2.352071250585549,DOUBLE
region,us-east-2,az,us-east-2c,hostname,host-6EwlU,2020-03-18 02:06:33.286000000,MILLISECONDS,cpu_utilization,28.478535084581633,DOUBLE,memory_utilization,71.27165943545833,DOUBLE
region,us-west-1,az,us-west-1c,hostname,host-rkVfe,2020-03-18 02:48:51.616000000,MILLISECONDS,cpu_utilization,30.47267928364929,DOUBLE,memory_utilization,75.83448981291218,DOUBLE
region,eu-central-1,az,eu-central-1a,hostname,host-7ox7I,2020-03-18 03:01:23.175000000,MILLISECONDS,memory_utilization,53.93655279298808,DOUBLE,cpu_utilization,31.25505730936852,DOUBLE
region,eu-central-1,az,eu-central-1b,hostname,host-XzAwk,2020-03-18 03:01:23.918000000,MILLISECONDS,memory_utilization,13.128460653550178,DOUBLE,cpu_utilization,38.65808850015778,DOUBLE
region,us-west-1,az,us-west-1b,hostname,host-RhsVc,2020-03-18 02:51:00.518000000,MILLISECONDS,memory_utilization,32.93523640948408,DOUBLE,cpu_utilization,4.632814440784319,DOUBLE
region,ap-east-1,az,ap-east-1b,hostname,host-6Q8tK,2020-03-18 01:56:42.759000000,MILLISECONDS,memory_utilization,29.24665954788,DOUBLE,cpu_utilization,20.660216135481996,DOUBLE
region,us-east-1,az,us-east-1b,hostname,host-24Gju,2020-03-18 02:15:25.555000000,MILLISECONDS,cpu_utilization,4.5533009164189515,DOUBLE,memory_utilization,67.72565237553809,DOUBLE
region,us-west-2,az,us-west-2b,hostname,host-T1jQc,2020-03-18 02:11:44.648000000,MILLISECONDS,cpu_utilization,40.8853412942917,DOUBLE,memory_utilization,44.273001538579535,DOUBLE
region,ap-east-1,az,ap-east-1b,hostname,host-1L7b8,2020-03-18 02:12:26.350000000,MILLISECONDS,memory_utilization,16.503480837100135,DOUBLE,cpu_utilization,75.28544204495417,DOUBLE
region,eu-central-1,az,eu-central-1c,hostname,host-we4v0,2020-03-18 02:35:53.359000000,MILLISECONDS,memory_utilization,24.07034841655962,DOUBLE,cpu_utilization,18.794042325027622,DOUBLE
region,eu-central-1,az,eu-central-1a,hostname,host-7ox7I,2020-03-18 03:04:17.815000000,MILLISECONDS,memory_utilization,39.600413979971975,DOUBLE,cpu_utilization,90.2083490207316,DOUBLE
region,eu-north-1,az,eu-north-1c,hostname,host-2z8tn,2020-03-18 02:38:34.843000000,MILLISECONDS,cpu_utilization,66.25324524420519,DOUBLE,memory_utilization,50.34701039017026,DOUBLE
region,eu-north-1,az,eu-north-1c,hostname,host-7ZF9L,2020-03-18 03:27:36.233000000,MILLISECONDS,cpu_utilization,51.27752389176418,DOUBLE,memory_utilization,11.585973051020986,DOUBLE
region,us-east-1,az,us-east-1b,hostname,host-J3Q4z,2020-03-18 02:18:03.832000000,MILLISECONDS,cpu_utilization,37.455505342607,DOUBLE,memory_utilization,72.59916130355413,DOUBLE
region,eu-north-1,az,eu-north-1a,hostname,host-GUK1T,2020-03-18 02:07:06.584000000,MILLISECONDS,cpu_utilization,29.09353678819442,DOUBLE,memory_utilization,67.29789865528986,DOUBLE
region,us-east-1,az,us-east-1b,hostname,host-mjrQb,2020-03-18 02:59:53.272000000,MILLISECONDS,cpu_utilization,4.5147918823667155,DOUBLE,memory_utilization,51.43795645681357,DOUBLE
region,us-west-2,az,us-west-2a,hostname,host-9VMZh,2020-03-18 01:48:57.849000000,MILLISECONDS,cpu_utilization,38.80987126097787,DOUBLE,memory_utilization,69.48591227290875,DOUBLE
region,us-west-2,az,us-west-2a,hostname,host-JeWin,2020-03-18 02:32:12.639000000,MILLISECONDS,cpu_utilization,46.0315192567996,DOUBLE,memory_utilization,11.352932599782859,DOUBLE
region,eu-central-1,az,eu-central-1a,hostname,host-zV72A,2020-03-18 02:56:08.484000000,MILLISECONDS,cpu_utilization,11.08643254004867,DOUBLE,memory_utilization,35.75107678704468,DOUBLE
region,eu-central-1,az,eu-central-1b,hostname,host-XzAwk,2020-03-18 02:29:13.839000000,MILLISECONDS,memory_utilization,20.742208171146885,DOUBLE,cpu_utilization,77.62770186796274,DOUBLE
region,us-east-2,az,us-east-2c,hostname,host-IUYO1,2020-03-18 01:49:23.260000000,MILLISECONDS,cpu_utilization,79.56673507770346,DOUBLE,memory_utilization,73.03755335444464,DOUBLE
region,eu-north-1,az,eu-north-1b,hostname,host-t4XZj,2020-03-18 02:38:33.873000000,MILLISECONDS,cpu_utilization,36.543957554313664,DOUBLE,memory_utilization,22.70396431600706,DOUBLE
region,us-east-2,az,us-east-2c,hostname,host-93VEW,2020-03-18 02:46:28.824000000,MILLISECONDS,memory_utilization,84.78066524311205,DOUBLE,cpu_utilization,11.030435443525707,DOUBLE
region,us-west-1,az,us-west-1a,hostname,host-yBO2U,2020-03-18 03:28:18.279000000,MILLISECONDS,cpu_utilization,88.73422973555482,DOUBLE,memory_utilization,21.895435103637286,DOUBLE
region,us-west-1,az,us-west-1b,hostname,host-yx5Ch,2020-03-18 02:06:17.206000000,MILLISECONDS,memory_utilization,70.45111838385296,DOUBLE,cpu_utilization,27.86052850289988,DOUBLE
region,ap-east-1,az,ap-east-1b,hostname,host-xfxV1,2020-03-18 03:00:01.275000000,MILLISECONDS,memory_utilization,55.45674670990687,DOUBLE,cpu_utilization,85.20668740832151,DOUBLE
region,us-west-1,az,us-west-1a,hostname,host-2plqa,2020-03-18 02:52:04.833000000,MILLISECONDS,cpu_utilization,19.336518937674654,DOUBLE,memory_utilization,79.34141436688283,DOUBLE
region,us-west-2,az,us-west-2c,hostname,host-8EBHm,2020-03-18 03:31:03.960000000,MILLISECONDS,memory_utilization,23.28858071066496,DOUBLE,cpu_utilization,90.55167140951282,DOUBLE
region,us-east-2,az,us-east-2c,hostname,host-93VEW,2020-03-18 02:56:03.162000000,MILLISECONDS,cpu_utilization,42.289228644502764,DOUBLE,memory_utilization,85.3961208862496,DOUBLE
region,eu-north-1,az,eu-north-1c,hostname,host-De8RB,2020-03-18 02:00:12.949000000,MILLISECONDS,cpu_utilization,96.26739466362825,DOUBLE,memory_utilization,13.676065989767965,DOUBLE
region,us-west-1,az,us-west-1b,hostname,host-qVmkR,2020-03-18 02:07:38.284000000,MILLISECONDS,memory_utilization,75.53342928610795,DOUBLE,cpu_utilization,16.76583289426253,DOUBLE
region,us-east-2,az,us-east-2a,hostname,host-JI1Tc,2020-03-18 03:10:45.017000000,MILLISECONDS,memory_utilization,34.28231587605953,DOUBLE,cpu_utilization,41.38252890391555,DOUBLE
region,us-east-1,az,us-east-1a,hostname,host-fj2hx,2020-03-18 01:47:42.991000000,MILLISECONDS,cpu_utilization,37.95662441445397,DOUBLE,memory_utilization,55.846797645720116,DOUBLE
region,eu-north-1,az,eu-north-1b,hostname,host-OsrR6,2020-03-18 02:07:07.464000000,MILLISECONDS,cpu_utilization,56.036661560677395,DOUBLE,memory_utilization,31.319361726415494,DOUBLE
region,us-east-1,az,us-east-1b,hostname,host-J3Q4z,2020-03-18 03:20:26.216000000,MILLISECONDS,memory_utilization,84.90882451866347,DOUBLE,cpu_utilization,91.73280989399102,DOUBLE
region,ap-east-1,az,ap-east-1a,hostname,host-KCYu6,2020-03-18 03:25:16.844000000,MILLISECONDS,cpu_utilization,52.41066654999385,DOUBLE,memory_utilization,51.26142507199398,DOUBLE
region,eu-central-1,az,eu-central-1b,hostname,host-lPyRj,2020-03-18 01:34:09.227000000,MILLISECONDS,cpu_utilization,95.27038004119373,DOUBLE,memory_utilization,82.38877181501587,DOUBLE
region,us-west-2,az,us-west-2c,hostname,host-H7Fh9,2020-03-18 01:57:50.698000000,MILLISECONDS,memory_utilization,67.12076885921567,DOUBLE,cpu_utilization,48.61088120133133,DOUBLE
region,us-east-1,az,us-east-1b,hostname,host-mjrQb,2020-03-18 02:25:56.127000000,MILLISECONDS,memory_utilization,81.87915960752625,DOUBLE,cpu_utilization,96.66736733473572,DOUBLE
region,eu-central-1,az,eu-central-1c,hostname,host-5m3qH,2020-03-18 01:52:10.088000000,MILLISECONDS,memory_utilization,15.000746180344722,DOUBLE,cpu_utilization,29.291269528050925,DOUBLE
region,us-west-2,az,us-west-2b,hostname,host-T1jQc,2020-03-18 02:38:54.811000000,MILLISECONDS,memory_utilization,72.95845364032384,DOUBLE,cpu_utilization,28.985700783957117,DOUBLE
region,eu-central-1,az,eu-central-1a,hostname,host-YL3W0,2020-03-18 03:39:28.047000000,MILLISECONDS,memory_utilization,50.60197841989556,DOUBLE,cpu_utilization,5.698546361052581,DOUBLE
region,eu-central-1,az,eu-central-1c,hostname,host-we4v0,2020-03-18 01:46:04.272000000,MILLISECONDS,cpu_utilization,55.21783117996896,DOUBLE,memory_utilization,71.68411115362062,DOUBLE
region,eu-central-1,az,eu-central-1b,hostname,host-XzAwk,2020-03-18 01:49:15.480000000,MILLISECONDS,cpu_utilization,25.874564068053683,DOUBLE,memory_utilization,23.868689288657492,DOUBLE
region,us-east-2,az,us-east-2a,hostname,host-WgAuL,2020-03-18 03:29:15.634000000,MILLISECONDS,cpu_utilization,56.86725768017166,DOUBLE,memory_utilization,62.95170348315671,DOUBLE
region,eu-north-1,az,eu-north-1c,hostname,host-7ZF9L,2020-03-18 02:25:41.888000000,MILLISECONDS,cpu_utilization,53.26602010525568,DOUBLE,memory_utilization,89.93127769908247,DOUBLE
region,eu-north-1,az,eu-north-1c,hostname,host-9FczW,2020-03-18 02:38:08.627000000,MILLISECONDS,cpu_utilization,37.076475988232225,DOUBLE,memory_utilization,80.07083797073159,DOUBLE
region,ap-east-1,az,ap-east-1a,hostname,host-MqLuQ,2020-03-18 03:25:30.145000000,MILLISECONDS,memory_utilization,32.81178632950991,DOUBLE,cpu_utilization,37.15420352985529,DOUBLE
region,us-east-1,az,us-east-1c,hostname,host-4Llhu,2020-03-18 02:55:33.112000000,MILLISECONDS,cpu_utilization,75.30807916938754,DOUBLE,memory_utilization,37.53940634335585,DOUBLE
region,eu-north-1,az,eu-north-1c,hostname,host-2z8tn,2020-03-18 02:39:02.410000000,MILLISECONDS,cpu_utilization,49.105357496920625,DOUBLE,memory_utilization,28.006157248056105,DOUBLE
region,us-east-2,az,us-east-2a,hostname,host-WgAuL,2020-03-18 01:33:19.763000000,MILLISECONDS,memory_utilization,20.15837559452749,DOUBLE,cpu_utilization,84.69011048031348,DOUBLE
region,us-east-2,az,us-east-2a,hostname,host-JI1Tc,2020-03-18 02:09:14.739000000,MILLISECONDS,cpu_utilization,24.745804653680292,DOUBLE,memory_utilization,42.15035246451979,DOUBLE
region,eu-north-1,az,eu-north-1b,hostname,host-9X6GC,2020-03-18 02:33:11.536000000,MILLISECONDS,cpu_utilization,5.413538958014627,DOUBLE,memory_utilization,77.68165043578867,DOUBLE
region,eu-central-1,az,eu-central-1a,hostname,host-zV72A,2020-03-18 03:08:12.859000000,MILLISECONDS,cpu_utilization,52.95059181652649,DOUBLE,memory_utilization,67.82460132017991,DOUBLE
region,us-west-1,az,us-west-1b,hostname,host-P0kp1,2020-03-18 01:43:54.632000000,MILLISECONDS,memory_utilization,68.22001582613487,DOUBLE,cpu_utilization,18.630825568060914,DOUBLE
region,us-west-2,az,us-west-2c,hostname,host-mL4fa,2020-03-18 02:50:14.126000000,MILLISECONDS,memory_utilization,47.553750726121905,DOUBLE,cpu_utilization,90.07552170616043,DOUBLE
region,us-west-1,az,us-west-1b,hostname,host-yx5Ch,2020-03-18 01:31:56.214000000,MILLISECONDS,cpu_utilization,69.93952882994992,DOUBLE,memory_utilization,57.4595046397407,DOUBLE
region,eu-central-1,az,eu-central-1a,hostname,host-7ox7I,2020-03-18 02:08:25.234000000,MILLISECONDS,memory_utilization,58.819196345933804,DOUBLE,cpu_utilization,34.96476463647238,DOUBLE
region,eu-central-1,az,eu-central-1c,hostname,host-5m3qH,2020-03-18 02:00:11.229000000,MILLISECONDS,memory_utilization,86.12291009373116,DOUBLE,cpu_utilization,57.226233820757834,DOUBLE
region,ap-east-1,az,ap-east-1a,hostname,host-KCYu6,2020-03-18 02:53:53.978000000,MILLISECONDS,memory_utilization,80.19087970294788,DOUBLE,cpu_utilization,97.00888511144046,DOUBLE
region,us-west-2,az,us-west-2b,hostname,host-IV4FI,2020-03-18 03:20:45.297000000,MILLISECONDS,memory_utilization,75.28356958541144,DOUBLE,cpu_utilization,81.48462779045867,DOUBLE
region,eu-central-1,az,eu-central-1a,hostname,host-NoHmk,2020-03-18 01:37:31.877000000,MILLISECONDS,memory_utilization,62.48072785046791,DOUBLE,cpu_utilization,71.27649038943368,DOUBLE
region,eu-north-1,az,eu-north-1a,hostname,host-GUK1T,2020-03-18 02:52:40.177000000,MILLISECONDS,cpu_utilization,25.50150738476772,DOUBLE,memory_utilization,34.563545019080884,DOUBLE
region,eu-north-1,az,eu-north-1b,hostname,host-dYXCG,2020-03-18 01:55:24.571000000,MILLISECONDS,cpu_utilization,12.263466681577203,DOUBLE,memory_utilization,86.74834140730502,DOUBLE
region,eu-north-1,az,eu-north-1a,hostname,host-wWlQ3,2020-03-18 03:08:53.507000000,MILLISECONDS,memory_utilization,47.72278478071509,DOUBLE,cpu_utilization,17.418405375502548,DOUBLE
region,us-west-1,az,us-west-1a,hostname,host-2ovbg,2020-03-18 03:32:29.946000000,MILLISECONDS,memory_utilization,41.06582877874369,DOUBLE,cpu_utilization,44.612570462472476,DOUBLE
region,eu-north-1,az,eu-north-1b,hostname,host-dYXCG,2020-03-18 02:15:36.611000000,MILLISECONDS,cpu_utilization,41.64769264659146,DOUBLE,memory_utilization,17.06394372164839,DOUBLE
region,eu-central-1,az,eu-central-1c,hostname,host-75a72,2020-03-18 01:48:08.092000000,MILLISECONDS,cpu_utilization,45.60941399932408,DOUBLE,memory_utilization,12.440739693859157,DOUBLE
region,eu-central-1,az,eu-central-1a,hostname,host-zV72A,2020-03-18 02:27:25.812000000,MILLISECONDS,cpu_utilization,23.450494734737397,DOUBLE,memory_utilization,74.3637988205756,DOUBLE
region,ap-east-1,az,ap-east-1c,hostname,host-SgUNZ,2020-03-18 03:39:40.395000000,MILLISECONDS,memory_utilization,12.785372097422645,DOUBLE,cpu_utilization,48.83529067942119,DOUBLE
region,us-west-2,az,us-west-2b,hostname,host-7c897,2020-03-18 02:11:44.527000000,MILLISECONDS,cpu_utilization,76.37719794201374,DOUBLE,memory_utilization,76.24372115222491,DOUBLE
region,eu-north-1,az,eu-north-1c,hostname,host-aPtc6,2020-03-18 02:47:28.810000000,MILLISECONDS,cpu_utilization,81.1990443431382,DOUBLE,memory_utilization,87.01130435600382,DOUBLE
region,us-east-1,az,us-east-1c,hostname,host-dRIJj,2020-03-18 01:55:26.966000000,MILLISECONDS,cpu_utilization,28.707380734508618,DOUBLE,memory_utilization,24.000547403556503,DOUBLE
region,us-west-2,az,us-west-2a,hostname,host-Axf0g,2020-03-18 02:28:15.841000000,MILLISECONDS,memory_utilization,30.4895674409305,DOUBLE,cpu_utilization,88.8435051947384,DOUBLE
region,us-west-1,az,us-west-1a,hostname,host-OgvFx,2020-03-18 02:06:57.163000000,MILLISECONDS,cpu_utilization,21.258024446451227,DOUBLE,memory_utilization,62.238823137732844,DOUBLE
region,us-east-1,az,us-east-1c,hostname,host-G042D,2020-03-18 03:18:06.843000000,MILLISECONDS,cpu_utilization,56.30165881416092,DOUBLE,memory_utilization,57.96565188360823,DOUBLE
region,us-west-2,az,us-west-2c,hostname,host-H7Fh9,2020-03-18 02:42:11.102000000,MILLISECONDS,memory_utilization,38.15980418606923,DOUBLE,cpu_utilization,94.42929588015835,DOUBLE
region,us-east-1,az,us-east-1c,hostname,host-4Llhu,2020-03-18 01:38:21.046000000,MILLISECONDS,memory_utilization,20.237652298095288,DOUBLE,cpu_utilization,28.594124824266984,DOUBLE
region,us-east-2,az,us-east-2c,hostname,host-huBtj,2020-03-18 02:40:50.608000000,MILLISECONDS,memory_utilization,14.714149734805888,DOUBLE,cpu_utilization,76.38806049090721,DOUBLE
region,us-west-2,az,us-west-2a,hostname,host-9VMZh,2020-03-18 01:36:21.426000000,MILLISECONDS,memory_utilization,47.345587386227656,DOUBLE,cpu_utilization,64.52430371472805,DOUBLE
region,eu-central-1,az,eu-central-1b,hostname,host-vavkJ,2020-03-18 02:58:56.948000000,MILLISECONDS,cpu_utilization,66.51547163061552,DOUBLE,memory_utilization,41.43474437150413,DOUBLE
region,eu-central-1,az,eu-central-1a,hostname,host-7ox7I,2020-03-18 03:21:44.010000000,MILLISECONDS,cpu_utilization,97.53344442947781,DOUBLE,memory_utilization,54.948770267160675,DOUBLE
region,eu-north-1,az,eu-north-1b,hostname,host-OsrR6,2020-03-18 03:26:42.030000000,MILLISECONDS,cpu_utilization,95.50840744538353,DOUBLE,memory_utilization,35.97309497065374,DOUBLE
region,ap-east-1,az,ap-east-1a,hostname,host-VIR5T,2020-03-18 02:26:43.140000000,MILLISECONDS,cpu_utilization,48.69327474957041,DOUBLE,memory_utilization,61.69533759457152,DOUBLE
region,eu-north-1,az,eu-north-1c,hostname,host-2z8tn,2020-03-18 01:32:33.388000000,MILLISECONDS,memory_utilization,55.77326819833808,DOUBLE,cpu_utilization,83.01096661446421,DOUBLE
region,us-east-1,az,us-east-1b,hostname,host-24Gju,2020-03-18 03:05:01.377000000,MILLISECONDS,cpu_utilization,82.25612689471696,DOUBLE,memory_utilization,54.8444956093108,DOUBLE
region,ap-east-1,az,ap-east-1b,hostname,host-1L7b8,2020-03-18 01:42:18.332000000,MILLISECONDS,memory_utilization,50.17422265335398,DOUBLE,cpu_utilization,49.297003363736465,DOUBLE
region,eu-north-1,az,eu-north-1a,hostname,host-HE2Gm,2020-03-18 02:07:48.052000000,MILLISECONDS,cpu_utilization,54.06770724227058,DOUBLE,memory_utilization,18.08771845425726,DOUBLE
region,us-east-1,az,us-east-1a,hostname,host-Bwb3j,2020-03-18 02:15:25.442000000,MILLISECONDS,memory_utilization,30.315098671125817,DOUBLE,cpu_utilization,22.551444440180894,DOUBLE
region,us-east-1,az,us-east-1b,hostname,host-J3Q4z,2020-03-18 02:10:32.470000000,MILLISECONDS,cpu_utilization,98.56011531965198,DOUBLE,memory_utilization,47.871196527083974,DOUBLE
region,us-west-1,az,us-west-1c,hostname,host-RFfGg,2020-03-18 02:13:01.188000000,MILLISECONDS,memory_utilization,21.9091507669523,DOUBLE,cpu_utilization,27.46311209725538,DOUBLE
region,eu-north-1,az,eu-north-1a,hostname,host-BM6B6,2020-03-18 02:43:18.871000000,MILLISECONDS,cpu_utilization,98.83954226319081,DOUBLE,memory_utilization,72.5010394098424,DOUBLE
region,ap-east-1,az,ap-east-1c,hostname,host-YnYUN,2020-03-18 02:15:05.817000000,MILLISECONDS,memory_utilization,10.85648659806739,DOUBLE,cpu_utilization,51.49250662995899,DOUBLE
region,eu-north-1,az,eu-north-1b,hostname,host-OsrR6,2020-03-18 02:57:14.551000000,MILLISECONDS,cpu_utilization,68.81191732668732,DOUBLE,memory_utilization,37.22202852387312,DOUBLE
region,ap-east-1,az,ap-east-1c,hostname,host-k4tpD,2020-03-18 02:22:03.148000000,MILLISECONDS,memory_utilization,73.38367451004429,DOUBLE,cpu_utilization,5.72388669847729,DOUBLE
region,eu-north-1,az,eu-north-1b,hostname,host-OsrR6,2020-03-18 01:37:47.769000000,MILLISECONDS,cpu_utilization,28.50627266799057,DOUBLE,memory_utilization,16.224952624942812,DOUBLE
region,us-east-1,az,us-east-1a,hostname,host-fj2hx,2020-03-18 03:07:37.586000000,MILLISECONDS,memory_utilization,71.02123163316952,DOUBLE,cpu_utilization,40.257432618871,DOUBLE
region,us-west-2,az,us-west-2b,hostname,host-7c897,2020-03-18 03:15:21.487000000,MILLISECONDS,cpu_utilization,61.53661155460702,DOUBLE,memory_utilization,73.31983162889472,DOUBLE
region,us-east-2,az,us-east-2b,hostname,host-tRkJg,2020-03-18 03:33:52.762000000,MILLISECONDS,cpu_utilization,8.399783084085303,DOUBLE,memory_utilization,47.50842713714147,DOUBLE
region,us-east-2,az,us-east-2c,hostname,host-IUYO1,2020-03-18 02:11:02.562000000,MILLISECONDS,memory_utilization,78.67838244329836,DOUBLE,cpu_utilization,27.745321175758473,DOUBLE
region,us-east-1,az,us-east-1a,hostname,host-6kMPE,2020-03-18 03:40:36.897000000,MILLISECONDS,memory_utilization,51.84923539754407,DOUBLE,cpu_utilization,11.796628946569978,DOUBLE
region,eu-north-1,az,eu-north-1a,hostname,host-rZUNx,2020-03-18 01:40:46.862000000,MILLISECONDS,cpu_utilization,76.7232789485089,DOUBLE,memory_utilization,75.75667156089993,DOUBLE
region,us-west-1,az,us-west-1c,hostname,host-ql6UH,2020-03-18 03:01:44.074000000,MILLISECONDS,memory_utilization,75.75131189980735,DOUBLE,cpu_utilization,97.03723190986874,DOUBLE
region,us-east-1,az,us-east-1b,hostname,host-D4hV2,2020-03-18 02:46:24.883000000,MILLISECONDS,cpu_utilization,27.701678778388427,DOUBLE,memory_utilization,72.60743164838456,DOUBLE
region,us-east-2,az,us-east-2a,hostname,host-bSljV,2020-03-18 02:55:22.657000000,MILLISECONDS,memory_utilization,10.095523594538296,DOUBLE,cpu_utilization,49.68824368885761,DOUBLE
region,us-east-2,az,us-east-2a,hostname,host-JI1Tc,2020-03-18 01:31:44.062000000,MILLISECONDS,memory_utilization,45.63340647371823,DOUBLE,cpu_utilization,96.00593221853669,DOUBLE
region,eu-north-1,az,eu-north-1c,hostname,host-De8RB,2020-03-18 01:31:52.960000000,MILLISECONDS,cpu_utilization,62.22627941867287,DOUBLE,memory_utilization,41.51241570974753,DOUBLE
region,eu-north-1,az,eu-north-1a,hostname,host-BM6B6,2020-03-18 02:11:09.186000000,MILLISECONDS,cpu_utilization,67.64035698749034,DOUBLE,memory_utilization,69.43805980036086,DOUBLE
region,us-west-1,az,us-west-1a,hostname,host-2plqa,2020-03-18 03:27:52.521000000,MILLISECONDS,cpu_utilization,25.66049828137114,DOUBLE,memory_utilization,40.40056714675778,DOUBLE
region,us-west-1,az,us-west-1a,hostname,host-2plqa,2020-03-18 03:29:40.861000000,MILLISECONDS,cpu_utilization,25.00094610854747,DOUBLE,memory_utilization,28.974285105362352,DOUBLE
region,us-west-2,az,us-west-2b,hostname,host-NBXAr,2020-03-18 02:22:40.620000000,MILLISECONDS,memory_utilization,13.169109885193828,DOUBLE,cpu_utilization,94.29248756261123,DOUBLE
region,us-west-1,az,us-west-1a,hostname,host-2ovbg,2020-03-18 01:45:54.580000000,MILLISECONDS,memory_utilization,36.420517083283016,DOUBLE,cpu_utilization,1.7727834629500194,DOUBLE
region,eu-north-1,az,eu-north-1a,hostname,host-BM6B6,2020-03-18 02:18:14.331000000,MILLISECONDS,cpu_utilization,21.63710585134104,DOUBLE,memory_utilization,86.6914079736014,DOUBLE
region,us-west-1,az,us-west-1c,hostname,host-l9M6E,2020-03-18 03:30:20.922000000,MILLISECONDS,cpu_utilization,73.01919334060018,DOUBLE,memory_utilization,58.9643657345556,DOUBLE
region,us-east-2,az,us-east-2a,hostname,host-WgAuL,2020-03-18 03:10:18.358000000,MILLISECONDS,cpu_utilization,76.70636799674506,DOUBLE,memory_utilization,41.40794190242846,DOUBLE
region,us-west-1,az,us-west-1c,hostname,host-RFfGg,2020-03-18 01:51:48.847000000,MILLISECONDS,cpu_utilization,88.69325059985213,DOUBLE,memory_utilization,61.24000295373703,DOUBLE
region,us-west-1,az,us-west-1a,hostname,host-OgvFx,2020-03-18 03:08:05.090000000,MILLISECONDS,cpu_utilization,66.92123162316393,DOUBLE,memory_utilization,35.46426354611462,DOUBLE
region,eu-north-1,az,eu-north-1c,hostname,host-aPtc6,2020-03-18 01:48:36.030000000,MILLISECONDS,cpu_utilization,3.3980845885665167,DOUBLE,memory_utilization,13.938234939663667,DOUBLE
region,us-east-1,az,us-east-1a,hostname,host-sxj7X,2020-03-18 02:42:42.859000000,MILLISECONDS,memory_utilization,71.50840575112397,DOUBLE,cpu_utilization,67.64850910687079,DOUBLE
region,us-west-1,az,us-west-1a,hostname,host-2plqa,2020-03-18 03:41:33.040000000,MILLISECONDS,cpu_utilization,56.33521773956426,DOUBLE,memory_utilization,51.30500683614734,DOUBLE
region,eu-central-1,az,eu-central-1c,hostname,host-75a72,2020-03-18 01:58:33.940000000,MILLISECONDS,memory_utilization,80.43587694187137,DOUBLE,cpu_utilization,14.870990219337394,DOUBLE
region,eu-north-1,az,eu-north-1c,hostname,host-2z8tn,2020-03-18 02:29:16.597000000,MILLISECONDS,memory_utilization,11.820759469836588,DOUBLE,cpu_utilization,94.4301563180877,DOUBLE
region,eu-central-1,az,eu-central-1c,hostname,host-5m3qH,2020-03-18 01:48:47.690000000,MILLISECONDS,memory_utilization,15.788662603524974,DOUBLE,cpu_utilization,59.9537275282802,DOUBLE
region,eu-central-1,az,eu-central-1b,hostname,host-XzAwk,2020-03-18 02:23:50.570000000,MILLISECONDS,cpu_utilization,38.721456085275705,DOUBLE,memory_utilization,65.45139040794206,DOUBLE
region,us-west-1,az,us-west-1b,hostname,host-ifxaV,2020-03-18 03:17:41.085000000,MILLISECONDS,memory_utilization,81.62377601994018,DOUBLE,cpu_utilization,42.43878157469126,DOUBLE
region,us-east-1,az,us-east-1b,hostname,host-24Gju,2020-03-18 02:36:50.745000000,MILLISECONDS,memory_utilization,45.7032022995231,DOUBLE,cpu_utilization,74.41997666922744,DOUBLE
region,us-east-2,az,us-east-2c,hostname,host-93VEW,2020-03-18 03:24:21.776000000,MILLISECONDS,memory_utilization,34.696750022698204,DOUBLE,cpu_utilization,58.20109698942885,DOUBLE
region,us-west-2,az,us-west-2c,hostname,host-8EBHm,2020-03-18 02:43:27.313000000,MILLISECONDS,memory_utilization,59.309191763147524,DOUBLE,cpu_utilization,37.32808787639475,DOUBLE
region,us-east-1,az,us-east-1b,hostname,host-24Gju,2020-03-18 03:17:13.699000000,MILLISECONDS,cpu_utilization,26.463888919794954,DOUBLE,memory_utilization,27.68575204334832,DOUBLE
region,ap-east-1,az,ap-east-1b,hostname,host-1L7b8,2020-03-18 03:15:36.167000000,MILLISECONDS,memory_utilization,67.26284878753688,DOUBLE,cpu_utilization,29.06497768080752,DOUBLE
region,us-east-2,az,us-east-2c,hostname,host-N4vmd,2020-03-18 01:29:19.202000000,MILLISECONDS,memory_utilization,69.79045415874623,DOUBLE,cpu_utilization,81.22086499884263,DOUBLE
region,us-east-2,az,us-east-2b,hostname,host-t1kAB,2020-03-18 01:38:37.123000000,MILLISECONDS,cpu_utilization,99.58712808685767,DOUBLE,memory_utilization,62.70251013365463,DOUBLE
region,us-west-2,az,us-west-2a,hostname,host-Axf0g,2020-03-18 02:10:10.631000000,MILLISECONDS,memory_utilization,60.3916128588981,DOUBLE,cpu_utilization,99.94609527102496,DOUBLE
region,us-west-1,az,us-west-1b,hostname,host-RhsVc,2020-03-18 02:31:31.117000000,MILLISECONDS,memory_utilization,71.98117508105173,DOUBLE,cpu_utilization,3.3929965523736483,DOUBLE
region,us-east-2,az,us-east-2c,hostname,host-IUYO1,2020-03-18 03:08:21.189000000,MILLISECONDS,memory_utilization,84.38697409393241,DOUBLE,cpu_utilization,23.775725658996613,DOUBLE
region,us-east-1,az,us-east-1b,hostname,host-EOh5a,2020-03-18 02:33:13.564000000,MILLISECONDS,memory_utilization,14.184975492695306,DOUBLE,cpu_utilization,55.57645961013689,DOUBLE
region,us-east-2,az,us-east-2b,hostname,host-tRkJg,2020-03-18 02:48:25.736000000,MILLISECONDS,cpu_utilization,98.49695898954042,DOUBLE,memory_utilization,10.696355748870694,DOUBLE
region,eu-central-1,az,eu-central-1c,hostname,host-we4v0,2020-03-18 03:16:19.197000000,MILLISECONDS,cpu_utilization,23.95408763487231,DOUBLE,memory_utilization,70.45048013001468,DOUBLE
region,us-east-1,az,us-east-1a,hostname,host-sxj7X,2020-03-18 01:49:31.728000000,MILLISECONDS,cpu_utilization,35.01577362284203,DOUBLE,memory_utilization,60.784594425960165,DOUBLE
region,us-east-1,az,us-east-1b,hostname,host-J3Q4z,2020-03-18 03:37:07.871000000,MILLISECONDS,memory_utilization,63.49223759690375,DOUBLE,cpu_utilization,98.26746890746526,DOUBLE
region,eu-north-1,az,eu-north-1a,hostname,host-wWlQ3,2020-03-18 01:31:37.985000000,MILLISECONDS,cpu_utilization,50.82659992193696,DOUBLE,memory_utilization,64.37853614551298,DOUBLE
region,us-east-2,az,us-east-2c,hostname,host-N4vmd,2020-03-18 03:01:32.554000000,MILLISECONDS,cpu_utilization,28.921414328410584,DOUBLE,memory_utilization,62.29619687375671,DOUBLE
region,us-west-2,az,us-west-2c,hostname,host-H7Fh9,2020-03-18 01:43:31.210000000,MILLISECONDS,cpu_utilization,28.524264402955925,DOUBLE,memory_utilization,12.912042292711092,DOUBLE
region,eu-north-1,az,eu-north-1c,hostname,host-aPtc6,2020-03-18 03:35:21.098000000,MILLISECONDS,cpu_utilization,28.499580323600604,DOUBLE,memory_utilization,85.17912729788333,DOUBLE
region,eu-north-1,az,eu-north-1b,hostname,host-dYXCG,2020-03-18 02:09:50.540000000,MILLISECONDS,cpu_utilization,86.67077536250834,DOUBLE,memory_utilization,38.17340133419822,DOUBLE
region,us-west-2,az,us-west-2a,hostname,host-c45yb,2020-03-18 02:35:19.707000000,MILLISECONDS,memory_utilization,28.93354991831962,DOUBLE,cpu_utilization,92.50250876753131,DOUBLE
region,ap-east-1,az,ap-east-1b,hostname,host-6Q8tK,2020-03-18 03:13:00.038000000,MILLISECONDS,memory_utilization,69.71854935073873,DOUBLE,cpu_utilization,76.95276927691826,DOUBLE
region,us-west-2,az,us-west-2c,hostname,host-fTPuU,2020-03-18 01:41:09.687000000,MILLISECONDS,cpu_utilization,71.76091610756778,DOUBLE,memory_utilization,67.72679003417731,DOUBLE
region,eu-north-1,az,eu-north-1b,hostname,host-t4XZj,2020-03-18 02:23:38.806000000,MILLISECONDS,cpu_utilization,30.371545918550495,DOUBLE,memory_utilization,85.9376981877921,DOUBLE
region,us-east-2,az,us-east-2c,hostname,host-huBtj,2020-03-18 02:31:46.269000000,MILLISECONDS,memory_utilization,51.124887960050316,DOUBLE,cpu_utilization,38.9538483730956,DOUBLE
region,us-east-1,az,us-east-1c,hostname,host-4Llhu,2020-03-18 01:42:10.894000000,MILLISECONDS,memory_utilization,11.928499071128265,DOUBLE,cpu_utilization,58.50627553190454,DOUBLE
region,eu-central-1,az,eu-central-1c,hostname,host-5m3qH,2020-03-18 01:56:04.640000000,MILLISECONDS,memory_utilization,13.664919425079933,DOUBLE,cpu_utilization,69.61070306031563,DOUBLE
region,us-west-1,az,us-west-1c,hostname,host-l9M6E,2020-03-18 02:07:25.280000000,MILLISECONDS,cpu_utilization,54.884117496607686,DOUBLE,memory_utilization,66.57884082969376,DOUBLE
region,eu-central-1,az,eu-central-1c,hostname,host-75a72,2020-03-18 02:49:51.143000000,MILLISECONDS,cpu_utilization,53.84427296106638,DOUBLE,memory_utilization,69.55570334746898,DOUBLE
region,us-west-1,az,us-west-1a,hostname,host-OgvFx,2020-03-18 01:58:11.921000000,MILLISECONDS,cpu_utilization,95.50750226139155,DOUBLE,memory_utilization,12.108329656582821,DOUBLE
region,us-west-1,az,us-west-1c,hostname,host-Rm4jx,2020-03-18 03:14:12.798000000,MILLISECONDS,memory_utilization,18.42094485578332,DOUBLE,cpu_utilization,9.765833959221498,DOUBLE
region,us-west-2,az,us-west-2b,hostname,host-T1jQc,2020-03-18 03:14:56.100000000,MILLISECONDS,cpu_utilization,73.17122721807011,DOUBLE,memory_utilization,76.17864006499428,DOUBLE
region,us-west-2,az,us-west-2a,hostname,host-NxB3V,2020-03-18 02:46:42.332000000,MILLISECONDS,memory_utilization,38.8970518820892,DOUBLE,cpu_utilization,13.71849809705644,DOUBLE
region,ap-east-1,az,ap-east-1a,hostname,host-5qzB0,2020-03-18 02:59:47.373000000,MILLISECONDS,memory_utilization,87.59325475886604,DOUBLE,cpu_utilization,98.88797069262007,DOUBLE
region,ap-east-1,az,ap-east-1b,hostname,host-PLvGi,2020-03-18 02:57:36.794000000,MILLISECONDS,memory_utilization,78.35665753870671,DOUBLE,cpu_utilization,3.178023862952392,DOUBLE
region,ap-east-1,az,ap-east-1c,hostname,host-SgUNZ,2020-03-18 03:41:13.262000000,MILLISECONDS,cpu_utilization,9.61904390092043,DOUBLE,memory_utilization,32.7056815335287,DOUBLE
region,us-west-2,az,us-west-2b,hostname,host-NBXAr,2020-03-18 02:31:34.286000000,MILLISECONDS,cpu_utilization,81.97587955099004,DOUBLE,memory_utilization,14.197649061467406,DOUBLE
region,eu-central-1,az,eu-central-1a,hostname,host-7ox7I,2020-03-18 02:56:59.060000000,MILLISECONDS,memory_utilization,45.746824472825864,DOUBLE,cpu_utilization,85.21513037194013,DOUBLE
region,us-east-1,az,us-east-1c,hostname,host-dRIJj,2020-03-18 02:56:51.251000000,MILLISECONDS,cpu_utilization,69.72388512568256,DOUBLE,memory_utilization,15.852617111720528,DOUBLE
region,us-west-2,az,us-west-2a,hostname,host-NxB3V,2020-03-18 03:23:53.708000000,MILLISECONDS,cpu_utilization,64.16129012591392,DOUBLE,memory_utilization,36.32530795050131,DOUBLE
region,us-west-2,az,us-west-2b,hostname,host-T1jQc,2020-03-18 02:57:09.315000000,MILLISECONDS,memory_utilization,24.532869020335085,DOUBLE,cpu_utilization,34.361396790649316,DOUBLE
region,us-west-1,az,us-west-1a,hostname,host-OgvFx,2020-03-18 01:39:56.319000000,MILLISECONDS,cpu_utilization,39.84766321611391,DOUBLE,memory_utilization,76.31128789356144,DOUBLE
region,ap-east-1,az,ap-east-1a,hostname,host-5qzB0,2020-03-18 02:42:37.359000000,MILLISECONDS,cpu_utilization,19.943297935860162,DOUBLE,memory_utilization,88.89431550676147,DOUBLE
region,us-east-2,az,us-east-2c,hostname,host-huBtj,2020-03-18 01:53:26.098000000,MILLISECONDS,cpu_utilization,21.648616836771506,DOUBLE,memory_utilization,25.09870169891275,DOUBLE
region,ap-east-1,az,ap-east-1a,hostname,host-EREJk,2020-03-18 02:30:18.007000000,MILLISECONDS,memory_utilization,73.21333573459125,DOUBLE,cpu_utilization,85.53056341528048,DOUBLE
region,us-west-2,az,us-west-2b,hostname,host-T1jQc,2020-03-18 01:59:11.853000000,MILLISECONDS,memory_utilization,77.58402790714314,DOUBLE,cpu_utilization,9.605835277893153,DOUBLE
region,us-west-2,az,us-west-2a,hostname,host-9VMZh,2020-03-18 03:31:42.585000000,MILLISECONDS,memory_utilization,79.1575177178631,DOUBLE,cpu_utilization,39.09968336284179,DOUBLE
region,us-east-2,az,us-east-2a,hostname,host-WgAuL,2020-03-18 01:29:44.720000000,MILLISECONDS,memory_utilization,68.3098039093559,DOUBLE,cpu_utilization,18.558141234512775,DOUBLE
region,us-east-2,az,us-east-2c,hostname,host-IUYO1,2020-03-18 03:16:51.722000000,MILLISECONDS,cpu_utilization,38.392584930284755,DOUBLE,memory_utilization,28.611168828858062,DOUBLE
region,us-east-2,az,us-east-2a,hostname,host-JI1Tc,2020-03-18 03:29:01.055000000,MILLISECONDS,memory_utilization,62.16111780561843,DOUBLE,cpu_utilization,2.76401124008289,DOUBLE
region,us-east-1,az,us-east-1b,hostname,host-mjrQb,2020-03-18 02:49:16.591000000,MILLISECONDS,cpu_utilization,69.04100149132469,DOUBLE,memory_utilization,48.891314407521264,DOUBLE
region,eu-central-1,az,eu-central-1a,hostname,host-7ox7I,2020-03-18 02:17:32.801000000,MILLISECONDS,memory_utilization,13.734457178782336,DOUBLE,cpu_utilization,69.85063940261085,DOUBLE
region,eu-north-1,az,eu-north-1b,hostname,host-9X6GC,2020-03-18 02:18:28.551000000,MILLISECONDS,memory_utilization,62.583579863718114,DOUBLE,cpu_utilization,22.62821835826897,DOUBLE
region,ap-east-1,az,ap-east-1a,hostname,host-KCYu6,2020-03-18 02:27:37.078000000,MILLISECONDS,memory_utilization,18.370840222443725,DOUBLE,cpu_utilization,53.267930335213784,DOUBLE
region,us-west-2,az,us-west-2a,hostname,host-JeWin,2020-03-18 02:05:00.706000000,MILLISECONDS,memory_utilization,58.62204283229316,DOUBLE,cpu_utilization,2.6976147406287567,DOUBLE
region,us-west-2,az,us-west-2c,hostname,host-fTPuU,2020-03-18 03:20:19.207000000,MILLISECONDS,cpu_utilization,75.83086249958187,DOUBLE,memory_utilization,40.47932860652025,DOUBLE
region,eu-central-1,az,eu-central-1a,hostname,host-7ox7I,2020-03-18 03:39:15.260000000,MILLISECONDS,memory_utilization,62.43578962103685,DOUBLE,cpu_utilization,75.59037254227164,DOUBLE
region,ap-east-1,az,ap-east-1b,hostname,host-1L7b8,2020-03-18 03:32:36.877000000,MILLISECONDS,cpu_utilization,8.430998658977632,DOUBLE,memory_utilization,21.248867849951658,DOUBLE
region,us-east-1,az,us-east-1c,hostname,host-AyWSI,2020-03-18 02:08:43.455000000,MILLISECONDS,cpu_utilization,22.106360100988486,DOUBLE,memory_utilization,79.900572327702,DOUBLE
region,us-west-2,az,us-west-2c,hostname,host-CWdXX,2020-03-18 02:08:22.999000000,MILLISECONDS,cpu_utilization,22.466908215939757,DOUBLE,memory_utilization,16.85077750198954,DOUBLE
region,us-east-1,az,us-east-1a,hostname,host-Bwb3j,2020-03-18 02:34:20.846000000,MILLISECONDS,memory_utilization,58.43456156539184,DOUBLE,cpu_utilization,80.50934152685132,DOUBLE
region,eu-central-1,az,eu-central-1a,hostname,host-7ox7I,2020-03-18 01:50:35.240000000,MILLISECONDS,cpu_utilization,13.663682862709019,DOUBLE,memory_utilization,29.24442235359699,DOUBLE
region,us-east-1,az,us-east-1b,hostname,host-J3Q4z,2020-03-18 03:08:17.247000000,MILLISECONDS,memory_utilization,67.03521434128501,DOUBLE,cpu_utilization,89.83785261304499,DOUBLE
region,eu-north-1,az,eu-north-1c,hostname,host-9FczW,2020-03-18 02:32:46.255000000,MILLISECONDS,memory_utilization,22.055074686960616,DOUBLE,cpu_utilization,56.624670743722476,DOUBLE
region,us-east-2,az,us-east-2a,hostname,host-JI1Tc,2020-03-18 01:36:59.431000000,MILLISECONDS,cpu_utilization,9.02215920883475,DOUBLE,memory_utilization,34.99064670587551,DOUBLE
region,us-east-2,az,us-east-2c,hostname,host-IUYO1,2020-03-18 03:03:58.780000000,MILLISECONDS,cpu_utilization,73.07902195132138,DOUBLE,memory_utilization,63.67778761576352,DOUBLE
region,ap-east-1,az,ap-east-1a,hostname,host-MqLuQ,2020-03-18 02:38:03.100000000,MILLISECONDS,memory_utilization,12.732181812583496,DOUBLE,cpu_utilization,36.166518104014706,DOUBLE
region,eu-central-1,az,eu-central-1b,hostname,host-XzAwk,2020-03-18 02:23:23.567000000,MILLISECONDS,memory_utilization,13.944493224168548,DOUBLE,cpu_utilization,40.36487096298046,DOUBLE
region,us-west-2,az,us-west-2b,hostname,host-T1jQc,2020-03-18 02:52:22.520000000,MILLISECONDS,memory_utilization,49.886475135869205,DOUBLE,cpu_utilization,78.34511093248327,DOUBLE
region,eu-north-1,az,eu-north-1a,hostname,host-wWlQ3,2020-03-18 02:06:13.120000000,MILLISECONDS,cpu_utilization,71.01539442220377,DOUBLE,memory_utilization,55.47238274353753,DOUBLE
region,eu-north-1,az,eu-north-1a,hostname,host-wWlQ3,2020-03-18 01:32:45.934000000,MILLISECONDS,cpu_utilization,31.88300216601959,DOUBLE,memory_utilization,24.727545432930143,DOUBLE
region,us-east-2,az,us-east-2c,hostname,host-6EwlU,2020-03-18 02:54:44.962000000,MILLISECONDS,cpu_utilization,38.712615679139915,DOUBLE,memory_utilization,66.3045641854226,DOUBLE
region,us-east-2,az,us-east-2a,hostname,host-33qyR,2020-03-18 01:46:51.753000000,MILLISECONDS,cpu_utilization,83.26284129253851,DOUBLE,memory_utilization,86.74225418650309,DOUBLE
region,eu-central-1,az,eu-central-1b,hostname,host-AyzHS,2020-03-18 02:57:51.345000000,MILLISECONDS,memory_utilization,30.207610920896517,DOUBLE,cpu_utilization,23.359550434987774,DOUBLE
region,eu-central-1,az,eu-central-1a,hostname,host-wIx79,2020-03-18 01:38:28.582000000,MILLISECONDS,cpu_utilization,37.673675671746004,DOUBLE,memory_utilization,66.77498527848527,DOUBLE
region,us-west-2,az,us-west-2b,hostname,host-T1jQc,2020-03-18 01:34:18.304000000,MILLISECONDS,memory_utilization,44.66673652769113,DOUBLE,cpu_utilization,93.77050319382613,DOUBLE
region,ap-east-1,az,ap-east-1b,hostname,host-6Q8tK,2020-03-18 01:30:41.936000000,MILLISECONDS,cpu_utilization,70.70947331971628,DOUBLE,memory_utilization,16.459471292352525,DOUBLE
region,eu-central-1,az,eu-central-1a,hostname,host-7ox7I,2020-03-18 02:26:58.174000000,MILLISECONDS,cpu_utilization,7.258712871541019,DOUBLE,memory_utilization,39.3466095689287,DOUBLE
region,eu-north-1,az,eu-north-1c,hostname,host-De8RB,2020-03-18 03:29:24.310000000,MILLISECONDS,memory_utilization,75.4851769086178,DOUBLE,cpu_utilization,83.2850235113661,DOUBLE
region,us-west-1,az,us-west-1b,hostname,host-ifxaV,2020-03-18 02:05:36.683000000,MILLISECONDS,cpu_utilization,40.92092863511478,DOUBLE,memory_utilization,31.002254167850573,DOUBLE
region,us-west-2,az,us-west-2b,hostname,host-T1jQc,2020-03-18 01:38:53.883000000,MILLISECONDS,cpu_utilization,84.68040525778501,DOUBLE,memory_utilization,30.592597756978268,DOUBLE
region,eu-central-1,az,eu-central-1a,hostname,host-YL3W0,2020-03-18 01:56:58.145000000,MILLISECONDS,cpu_utilization,20.35338161342525,DOUBLE,memory_utilization,63.13502188663932,DOUBLE
region,us-west-2,az,us-west-2a,hostname,host-NxB3V,2020-03-18 03:29:44.575000000,MILLISECONDS,cpu_utilization,68.95995028933366,DOUBLE,memory_utilization,77.70329291371225,DOUBLE
region,eu-north-1,az,eu-north-1c,hostname,host-aPtc6,2020-03-18 03:01:53.012000000,MILLISECONDS,cpu_utilization,66.79582993506646,DOUBLE,memory_utilization,73.1513160997956,DOUBLE
region,eu-north-1,az,eu-north-1c,hostname,host-9FczW,2020-03-18 01:52:12.012000000,MILLISECONDS,memory_utilization,85.2181665883931,DOUBLE,cpu_utilization,62.40572442978896,DOUBLE
region,us-east-1,az,us-east-1b,hostname,host-D4hV2,2020-03-18 01:44:34.389000000,MILLISECONDS,cpu_utilization,17.852966706560622,DOUBLE,memory_utilization,17.508196676431034,DOUBLE
region,us-east-2,az,us-east-2b,hostname,host-tRkJg,2020-03-18 02:26:39.662000000,MILLISECONDS,cpu_utilization,9.301117561365047,DOUBLE,memory_utilization,73.70899669821976,DOUBLE
region,eu-north-1,az,eu-north-1b,hostname,host-t4XZj,2020-03-18 02:39:01.395000000,MILLISECONDS,memory_utilization,15.783888010806466,DOUBLE,cpu_utilization,3.3817647131147464,DOUBLE
region,us-east-2,az,us-east-2c,hostname,host-huBtj,2020-03-18 03:20:58.541000000,MILLISECONDS,cpu_utilization,9.364839215901995,DOUBLE,memory_utilization,36.23824330575432,DOUBLE
region,eu-central-1,az,eu-central-1a,hostname,host-NoHmk,2020-03-18 03:05:36.157000000,MILLISECONDS,cpu_utilization,54.0328935016646,DOUBLE,memory_utilization,31.2916516756967,DOUBLE
region,ap-east-1,az,ap-east-1b,hostname,host-5tFc4,2020-03-18 03:00:01.034000000,MILLISECONDS,memory_utilization,27.041383793072278,DOUBLE,cpu_utilization,33.712942776692664,DOUBLE
region,eu-central-1,az,eu-central-1c,hostname,host-we4v0,2020-03-18 03:06:17.159000000,MILLISECONDS,memory_utilization,37.14829982049969,DOUBLE,cpu_utilization,56.21662899324399,DOUBLE
region,us-west-1,az,us-west-1c,hostname,host-RFfGg,2020-03-18 02:34:23.564000000,MILLISECONDS,memory_utilization,56.4351115496804,DOUBLE,cpu_utilization,30.671860584333047,DOUBLE
region,us-east-1,az,us-east-1c,hostname,host-dRIJj,2020-03-18 01:48:52.950000000,MILLISECONDS,memory_utilization,75.03207184641487,DOUBLE,cpu_utilization,99.0475797247313,DOUBLE
region,eu-central-1,az,eu-central-1a,hostname,host-7ox7I,2020-03-18 01:31:22.698000000,MILLISECONDS,memory_utilization,47.57711981361824,DOUBLE,cpu_utilization,16.49946009192341,DOUBLE
region,us-east-1,az,us-east-1a,hostname,host-6kMPE,2020-03-18 02:04:41.083000000,MILLISECONDS,memory_utilization,39.217943493949974,DOUBLE,cpu_utilization,21.058011192886866,DOUBLE
region,ap-east-1,az,ap-east-1c,hostname,host-k4tpD,2020-03-18 02:23:22.543000000,MILLISECONDS,memory_utilization,51.51175026289019,DOUBLE,cpu_utilization,65.81626995519687,DOUBLE
region,us-west-2,az,us-west-2b,hostname,host-NBXAr,2020-03-18 02:26:54.979000000,MILLISECONDS,cpu_utilization,95.32680732177198,DOUBLE,memory_utilization,53.347887835804386,DOUBLE
region,eu-north-1,az,eu-north-1c,hostname,host-9FczW,2020-03-18 02:42:17.139000000,MILLISECONDS,memory_utilization,31.004750062781447,DOUBLE,cpu_utilization,71.68662134516896,DOUBLE
region,eu-central-1,az,eu-central-1b,hostname,host-XzAwk,2020-03-18 03:14:19.510000000,MILLISECONDS,cpu_utilization,95.67328398153022,DOUBLE,memory_utilization,79.16104210888949,DOUBLE
region,us-east-2,az,us-east-2b,hostname,host-ilMBa,2020-03-18 02:07:26.371000000,MILLISECONDS,cpu_utilization,76.94864462764525,DOUBLE,memory_utilization,25.271048706221784,DOUBLE
region,us-west-1,az,us-west-1a,hostname,host-yBO2U,2020-03-18 03:30:58.969000000,MILLISECONDS,memory_utilization,34.99003797517369,DOUBLE,cpu_utilization,17.734304177796513,DOUBLE
region,us-east-1,az,us-east-1a,hostname,host-6kMPE,2020-03-18 02:45:45.412000000,MILLISECONDS,memory_utilization,33.44287285387918,DOUBLE,cpu_utilization,52.84082159257163,DOUBLE
region,us-west-1,az,us-west-1a,hostname,host-yBO2U,2020-03-18 02:49:55.793000000,MILLISECONDS,cpu_utilization,60.02088402575675,DOUBLE,memory_utilization,17.613312320212636,DOUBLE
region,us-east-1,az,us-east-1c,hostname,host-AyWSI,2020-03-18 03:37:22.186000000,MILLISECONDS,memory_utilization,84.00321234396236,DOUBLE,cpu_utilization,6.140411393549974,DOUBLE
region,us-west-1,az,us-west-1b,hostname,host-yx5Ch,2020-03-18 03:41:59.319000000,MILLISECONDS,memory_utilization,48.08291252950744,DOUBLE,cpu_utilization,27.65576479850832,DOUBLE
region,us-west-1,az,us-west-1b,hostname,host-yx5Ch,2020-03-18 02:58:49.647000000,MILLISECONDS,memory_utilization,84.60451025275708,DOUBLE,cpu_utilization,55.385937023097206,DOUBLE
region,us-west-1,az,us-west-1c,hostname,host-Rm4jx,2020-03-18 02:57:31.837000000,MILLISECONDS,memory_utilization,45.56340615484796,DOUBLE,cpu_utilization,78.13719928322563,DOUBLE
region,eu-north-1,az,eu-north-1b,hostname,host-9X6GC,2020-03-18 03:02:45.168000000,MILLISECONDS,cpu_utilization,69.95813171207817,DOUBLE,memory_utilization,38.567508131517215,DOUBLE
region,eu-central-1,az,eu-central-1c,hostname,host-we4v0,2020-03-18 02:55:42.977000000,MILLISECONDS,cpu_utilization,82.80210878601439,DOUBLE,memory_utilization,12.839360590253115,DOUBLE
region,us-east-2,az,us-east-2c,hostname,host-N4vmd,2020-03-18 02:14:11.025000000,MILLISECONDS,cpu_utilization,35.241761068833426,DOUBLE,memory_utilization,33.49584294648856,DOUBLE
region,ap-east-1,az,ap-east-1a,hostname,host-EREJk,2020-03-18 01:45:07.943000000,MILLISECONDS,cpu_utilization,60.1120097226525,DOUBLE,memory_utilization,56.79985850818345,DOUBLE
region,us-west-2,az,us-west-2b,hostname,host-IV4FI,2020-03-18 01:44:53.305000000,MILLISECONDS,memory_utilization,32.08269750800323,DOUBLE,cpu_utilization,38.74089656639936,DOUBLE
region,ap-east-1,az,ap-east-1c,hostname,host-39Hem,2020-03-18 03:36:21.006000000,MILLISECONDS,cpu_utilization,64.21575656152345,DOUBLE,memory_utilization,32.15948490458569,DOUBLE
region,eu-north-1,az,eu-north-1a,hostname,host-rZUNx,2020-03-18 01:52:10.318000000,MILLISECONDS,memory_utilization,80.43830698778117,DOUBLE,cpu_utilization,74.43403640574158,DOUBLE
region,us-west-2,az,us-west-2a,hostname,host-Axf0g,2020-03-18 02:16:22.448000000,MILLISECONDS,memory_utilization,15.810701670768301,DOUBLE,cpu_utilization,62.21164641204094,DOUBLE
region,ap-east-1,az,ap-east-1c,hostname,host-k4tpD,2020-03-18 03:31:05.926000000,MILLISECONDS,cpu_utilization,98.44936312039457,DOUBLE,memory_utilization,41.330626282628494,DOUBLE
region,eu-central-1,az,eu-central-1a,hostname,host-wIx79,2020-03-18 01:32:03.495000000,MILLISECONDS,cpu_utilization,12.160025403985522,DOUBLE,memory_utilization,27.417355695190775,DOUBLE
region,ap-east-1,az,ap-east-1a,hostname,host-EREJk,2020-03-18 01:46:28.286000000,MILLISECONDS,memory_utilization,35.52518126713057,DOUBLE,cpu_utilization,25.97931068385192,DOUBLE
region,ap-east-1,az,ap-east-1a,hostname,host-VIR5T,2020-03-18 02:33:33.575000000,MILLISECONDS,cpu_utilization,1.749626536132873,DOUBLE,memory_utilization,68.65486243490457,DOUBLE
region,us-west-2,az,us-west-2c,hostname,host-CWdXX,2020-03-18 03:12:05.653000000,MILLISECONDS,memory_utilization,65.94380864616852,DOUBLE,cpu_utilization,67.94244653612091,DOUBLE
region,eu-central-1,az,eu-central-1b,hostname,host-lPyRj,2020-03-18 03:04:45.078000000,MILLISECONDS,cpu_utilization,10.471311686114172,DOUBLE,memory_utilization,63.85674440383536,DOUBLE
region,us-west-2,az,us-west-2b,hostname,host-Sgtwt,2020-03-18 02:01:13.296000000,MILLISECONDS,memory_utilization,12.503909796143233,DOUBLE,cpu_utilization,34.37781103352647,DOUBLE
region,ap-east-1,az,ap-east-1b,hostname,host-xfxV1,2020-03-18 03:39:27.006000000,MILLISECONDS,memory_utilization,69.87718836796674,DOUBLE,cpu_utilization,54.90103705137667,DOUBLE
region,us-east-1,az,us-east-1b,hostname,host-D4hV2,2020-03-18 03:38:00.822000000,MILLISECONDS,memory_utilization,72.24448088942539,DOUBLE,cpu_utilization,66.82942028427415,DOUBLE
region,eu-north-1,az,eu-north-1a,hostname,host-BM6B6,2020-03-18 02:51:08.951000000,MILLISECONDS,memory_utilization,17.852415288349626,DOUBLE,cpu_utilization,3.5324060878124595,DOUBLE
region,ap-east-1,az,ap-east-1a,hostname,host-KCYu6,2020-03-18 01:58:44.691000000,MILLISECONDS,memory_utilization,47.532502464439375,DOUBLE,cpu_utilization,71.89615431468707,DOUBLE
region,us-west-2,az,us-west-2c,hostname,host-fTPuU,2020-03-18 03:29:03.988000000,MILLISECONDS,memory_utilization,44.08948953342283,DOUBLE,cpu_utilization,41.70059570282898,DOUBLE
region,eu-central-1,az,eu-central-1b,hostname,host-lPyRj,2020-03-18 02:42:40.097000000,MILLISECONDS,memory_utilization,78.49039915086007,DOUBLE,cpu_utilization,51.87817864353022,DOUBLE
region,us-east-2,az,us-east-2c,hostname,host-N4vmd,2020-03-18 03:28:21.747000000,MILLISECONDS,cpu_utilization,69.54815416144486,DOUBLE,memory_utilization,74.17371528316595,DOUBLE
region,us-east-1,az,us-east-1c,hostname,host-RdQRf,2020-03-18 02:39:04.156000000,MILLISECONDS,cpu_utilization,48.43557808950672,DOUBLE,memory_utilization,50.95764209901909,DOUBLE
region,us-east-1,az,us-east-1b,hostname,host-mjrQb,2020-03-18 02:55:59.015000000,MILLISECONDS,memory_utilization,42.36377964694367,DOUBLE,cpu_utilization,96.06133819099942,DOUBLE
region,eu-central-1,az,eu-central-1a,hostname,host-zV72A,2020-03-18 02:26:31.588000000,MILLISECONDS,memory_utilization,16.687821653971604,DOUBLE,cpu_utilization,99.80831723069879,DOUBLE
region,us-east-2,az,us-east-2c,hostname,host-6EwlU,2020-03-18 02:42:47.935000000,MILLISECONDS,cpu_utilization,78.07792118500856,DOUBLE,memory_utilization,70.6920887228856,DOUBLE
region,ap-east-1,az,ap-east-1c,hostname,host-SgUNZ,2020-03-18 01:44:01.128000000,MILLISECONDS,cpu_utilization,58.97950907756413,DOUBLE,memory_utilization,84.5933336758143,DOUBLE
region,us-east-1,az,us-east-1c,hostname,host-4Llhu,2020-03-18 02:27:16.999000000,MILLISECONDS,memory_utilization,66.21515729175121,DOUBLE,cpu_utilization,18.49276451934968,DOUBLE
region,us-west-1,az,us-west-1c,hostname,host-ql6UH,2020-03-18 02:59:30.737000000,MILLISECONDS,memory_utilization,46.94087263146979,DOUBLE,cpu_utilization,63.61572382044986,DOUBLE
region,us-east-1,az,us-east-1b,hostname,host-24Gju,2020-03-18 03:27:10.820000000,MILLISECONDS,cpu_utilization,98.87372113995366,DOUBLE,memory_utilization,83.50823019169076,DOUBLE
region,us-west-2,az,us-west-2a,hostname,host-NxB3V,2020-03-18 03:22:47.590000000,MILLISECONDS,cpu_utilization,73.64625273134769,DOUBLE,memory_utilization,21.21203178778523,DOUBLE
region,us-west-2,az,us-west-2a,hostname,host-c45yb,2020-03-18 02:19:30.379000000,MILLISECONDS,cpu_utilization,95.14574698265389,DOUBLE,memory_utilization,35.36921467267617,DOUBLE
region,us-west-2,az,us-west-2a,hostname,host-9VMZh,2020-03-18 02:39:21.929000000,MILLISECONDS,cpu_utilization,89.371364635837,DOUBLE,memory_utilization,46.64455853625195,DOUBLE
region,us-east-1,az,us-east-1a,hostname,host-ExOui,2020-03-18 02:55:45.609000000,MILLISECONDS,memory_utilization,17.122609043268795,DOUBLE,cpu_utilization,44.54613869452478,DOUBLE
region,eu-central-1,az,eu-central-1c,hostname,host-LLRYk,2020-03-18 03:38:49.597000000,MILLISECONDS,memory_utilization,75.83939954201094,DOUBLE,cpu_utilization,22.191764871565095,DOUBLE
region,eu-north-1,az,eu-north-1b,hostname,host-t4XZj,2020-03-18 02:18:14.688000000,MILLISECONDS,memory_utilization,77.46032653816253,DOUBLE,cpu_utilization,28.315934553194364,DOUBLE
region,eu-central-1,az,eu-central-1c,hostname,host-LLRYk,2020-03-18 02:56:09.678000000,MILLISECONDS,cpu_utilization,81.644746009421,DOUBLE,memory_utilization,52.59307398650708,DOUBLE
region,ap-east-1,az,ap-east-1a,hostname,host-5qzB0,2020-03-18 03:34:10.640000000,MILLISECONDS,memory_utilization,70.7423840392918,DOUBLE,cpu_utilization,77.55871027777205,DOUBLE
region,eu-central-1,az,eu-central-1b,hostname,host-lPyRj,2020-03-18 03:02:04.426000000,MILLISECONDS,cpu_utilization,15.355232111358582,DOUBLE,memory_utilization,50.68794929726491,DOUBLE
region,ap-east-1,az,ap-east-1a,hostname,host-5qzB0,2020-03-18 03:23:01.870000000,MILLISECONDS,cpu_utilization,66.94830292408473,DOUBLE,memory_utilization,58.279308245789345,DOUBLE
region,ap-east-1,az,ap-east-1b,hostname,host-xfxV1,2020-03-18 01:45:08.573000000,MILLISECONDS,memory_utilization,62.005114843059985,DOUBLE,cpu_utilization,4.421641654398504,DOUBLE
region,us-east-2,az,us-east-2a,hostname,host-WgAuL,2020-03-18 03:16:51.034000000,MILLISECONDS,memory_utilization,55.40302431254738,DOUBLE,cpu_utilization,11.68179362443612,DOUBLE
region,eu-central-1,az,eu-central-1b,hostname,host-lPyRj,2020-03-18 03:04:31.854000000,MILLISECONDS,memory_utilization,15.574671378328118,DOUBLE,cpu_utilization,85.79833443259041,DOUBLE
region,us-east-2,az,us-east-2b,hostname,host-tRkJg,2020-03-18 02:37:21.067000000,MILLISECONDS,cpu_utilization,16.174959204525084,DOUBLE,memory_utilization,58.29257100325454,DOUBLE
region,us-west-1,az,us-west-1c,hostname,host-ql6UH,2020-03-18 01:41:19.376000000,MILLISECONDS,cpu_utilization,76.2537420778708,DOUBLE,memory_utilization,79.43576416389462,DOUBLE
region,eu-central-1,az,eu-central-1a,hostname,host-YL3W0,2020-03-18 01:48:07.009000000,MILLISECONDS,cpu_utilization,6.361663113473337,DOUBLE,memory_utilization,87.93583413957467,DOUBLE
region,eu-central-1,az,eu-central-1b,hostname,host-XzAwk,2020-03-18 01:42:06.203000000,MILLISECONDS,memory_utilization,81.98883400474745,DOUBLE,cpu_utilization,59.768707880513226,DOUBLE
region,eu-central-1,az,eu-central-1c,hostname,host-5m3qH,2020-03-18 03:10:12.148000000,MILLISECONDS,cpu_utilization,9.248710910338971,DOUBLE,memory_utilization,10.984198481648964,DOUBLE
region,us-east-2,az,us-east-2b,hostname,host-espRj,2020-03-18 02:59:57.174000000,MILLISECONDS,cpu_utilization,12.005079074156747,DOUBLE,memory_utilization,48.391889049341934,DOUBLE
region,eu-central-1,az,eu-central-1b,hostname,host-XzAwk,2020-03-18 02:06:38.464000000,MILLISECONDS,cpu_utilization,57.2236502090348,DOUBLE,memory_utilization,32.56703596426337,DOUBLE
region,ap-east-1,az,ap-east-1c,hostname,host-39Hem,2020-03-18 01:57:38.574000000,MILLISECONDS,memory_utilization,76.16276684933332,DOUBLE,cpu_utilization,59.18505133426151,DOUBLE
region,eu-north-1,az,eu-north-1c,hostname,host-De8RB,2020-03-18 02:20:59.291000000,MILLISECONDS,memory_utilization,71.62783531775997,DOUBLE,cpu_utilization,58.26003245310662,DOUBLE
region,us-east-1,az,us-east-1a,hostname,host-6kMPE,2020-03-18 02:24:08.861000000,MILLISECONDS,cpu_utilization,65.34091411271517,DOUBLE,memory_utilization,51.23241241175667,DOUBLE
region,us-east-2,az,us-east-2a,hostname,host-33qyR,2020-03-18 01:51:10.670000000,MILLISECONDS,cpu_utilization,85.09443919945166,DOUBLE,memory_utilization,15.838899583808894,DOUBLE
region,eu-central-1,az,eu-central-1a,hostname,host-wIx79,2020-03-18 03:35:43.392000000,MILLISECONDS,memory_utilization,15.357420903391201,DOUBLE,cpu_utilization,15.714129421370224,DOUBLE
region,us-east-2,az,us-east-2a,hostname,host-2Sn8z,2020-03-18 01:46:10.950000000,MILLISECONDS,memory_utilization,69.81451528643174,DOUBLE,cpu_utilization,2.250969790651066,DOUBLE
region,us-east-2,az,us-east-2c,hostname,host-N4vmd,2020-03-18 02:07:27.381000000,MILLISECONDS,memory_utilization,45.98012191797106,DOUBLE,cpu_utilization,28.689210630207246,DOUBLE
region,us-east-2,az,us-east-2b,hostname,host-tRkJg,2020-03-18 02:47:20.302000000,MILLISECONDS,memory_utilization,49.32482696053665,DOUBLE,cpu_utilization,54.012810050616096,DOUBLE
region,ap-east-1,az,ap-east-1c,hostname,host-YnYUN,2020-03-18 03:38:33.905000000,MILLISECONDS,cpu_utilization,53.71172466700231,DOUBLE,memory_utilization,27.8004653972285,DOUBLE
region,us-west-2,az,us-west-2b,hostname,host-7c897,2020-03-18 03:30:10.732000000,MILLISECONDS,cpu_utilization,73.2276561491689,DOUBLE,memory_utilization,11.613181367879859,DOUBLE
region,eu-north-1,az,eu-north-1a,hostname,host-rZUNx,2020-03-18 02:47:53.777000000,MILLISECONDS,cpu_utilization,4.696414539664828,DOUBLE,memory_utilization,25.1238640768634,DOUBLE
region,eu-central-1,az,eu-central-1b,hostname,host-XzAwk,2020-03-18 02:36:32.815000000,MILLISECONDS,cpu_utilization,7.846134043215766,DOUBLE,memory_utilization,59.49243012680096,DOUBLE
region,ap-east-1,az,ap-east-1c,hostname,host-oBt3i,2020-03-18 02:09:06.187000000,MILLISECONDS,cpu_utilization,8.161946927028765,DOUBLE,memory_utilization,79.38211639376277,DOUBLE
region,us-east-2,az,us-east-2a,hostname,host-JI1Tc,2020-03-18 02:56:41.232000000,MILLISECONDS,memory_utilization,48.33356048287723,DOUBLE,cpu_utilization,45.2066146222979,DOUBLE
region,eu-north-1,az,eu-north-1b,hostname,host-ikX7M,2020-03-18 03:15:52.652000000,MILLISECONDS,memory_utilization,47.73068388341408,DOUBLE,cpu_utilization,63.86373531836166,DOUBLE
region,us-west-1,az,us-west-1b,hostname,host-qVmkR,2020-03-18 02:47:18.349000000,MILLISECONDS,memory_utilization,14.778965450380639,DOUBLE,cpu_utilization,62.66722598174898,DOUBLE
region,eu-north-1,az,eu-north-1b,hostname,host-ikX7M,2020-03-18 01:41:41.026000000,MILLISECONDS,memory_utilization,29.085369627697844,DOUBLE,cpu_utilization,32.46932510002644,DOUBLE
region,ap-east-1,az,ap-east-1c,hostname,host-39Hem,2020-03-18 03:23:43.180000000,MILLISECONDS,cpu_utilization,62.22884829104061,DOUBLE,memory_utilization,86.08339429941255,DOUBLE
region,us-west-2,az,us-west-2b,hostname,host-IV4FI,2020-03-18 02:40:00.790000000,MILLISECONDS,cpu_utilization,74.94209708689284,DOUBLE,memory_utilization,61.478606889194836,DOUBLE
region,us-west-2,az,us-west-2c,hostname,host-H7Fh9,2020-03-18 01:53:14.289000000,MILLISECONDS,cpu_utilization,9.980933671618136,DOUBLE,memory_utilization,25.352591282969676,DOUBLE
region,us-west-1,az,us-west-1b,hostname,host-RhsVc,2020-03-18 01:37:25.391000000,MILLISECONDS,memory_utilization,38.75431913226013,DOUBLE,cpu_utilization,78.21722083790887,DOUBLE
region,ap-east-1,az,ap-east-1b,hostname,host-xfxV1,2020-03-18 01:54:53.751000000,MILLISECONDS,memory_utilization,22.488363895134427,DOUBLE,cpu_utilization,99.18343232195461,DOUBLE
region,eu-north-1,az,eu-north-1a,hostname,host-BM6B6,2020-03-18 02:40:05.501000000,MILLISECONDS,cpu_utilization,75.45595727406868,DOUBLE,memory_utilization,55.84662304389728,DOUBLE
region,eu-central-1,az,eu-central-1a,hostname,host-NoHmk,2020-03-18 02:37:39.269000000,MILLISECONDS,cpu_utilization,81.49028805944576,DOUBLE,memory_utilization,35.09872829087122,DOUBLE
region,us-west-1,az,us-west-1c,hostname,host-l9M6E,2020-03-18 03:33:24.763000000,MILLISECONDS,memory_utilization,39.824826616897504,DOUBLE,cpu_utilization,75.58394390135999,DOUBLE
region,ap-east-1,az,ap-east-1c,hostname,host-39Hem,2020-03-18 03:27:59.077000000,MILLISECONDS,cpu_utilization,79.64115893927921,DOUBLE,memory_utilization,28.770843825168715,DOUBLE
region,ap-east-1,az,ap-east-1b,hostname,host-1L7b8,2020-03-18 02:21:21.873000000,MILLISECONDS,memory_utilization,71.29214898427972,DOUBLE,cpu_utilization,5.983940495188182,DOUBLE
region,us-west-1,az,us-west-1a,hostname,host-2plqa,2020-03-18 01:31:41.664000000,MILLISECONDS,cpu_utilization,84.47998411669974,DOUBLE,memory_utilization,31.27109841420511,DOUBLE
region,us-west-1,az,us-west-1b,hostname,host-RhsVc,2020-03-18 02:08:06.171000000,MILLISECONDS,memory_utilization,31.754075011125266,DOUBLE,cpu_utilization,92.6596880309896,DOUBLE
region,us-east-2,az,us-east-2a,hostname,host-bSljV,2020-03-18 03:07:01.810000000,MILLISECONDS,cpu_utilization,37.938261731518345,DOUBLE,memory_utilization,53.6412765227342,DOUBLE
region,eu-central-1,az,eu-central-1c,hostname,host-5m3qH,2020-03-18 02:25:27.187000000,MILLISECONDS,cpu_utilization,25.058940006303526,DOUBLE,memory_utilization,38.17539715614543,DOUBLE
region,us-west-2,az,us-west-2c,hostname,host-fTPuU,2020-03-18 03:00:40.010000000,MILLISECONDS,cpu_utilization,30.518051723946154,DOUBLE,memory_utilization,76.23235645998761,DOUBLE
region,eu-central-1,az,eu-central-1c,hostname,host-we4v0,2020-03-18 03:22:52.057000000,MILLISECONDS,memory_utilization,76.15892477519023,DOUBLE,cpu_utilization,27.315011985491886,DOUBLE
region,eu-north-1,az,eu-north-1c,hostname,host-9FczW,2020-03-18 02:58:46.879000000,MILLISECONDS,memory_utilization,83.9920341338068,DOUBLE,cpu_utilization,95.33163071040832,DOUBLE
region,eu-central-1,az,eu-central-1a,hostname,host-wIx79,2020-03-18 02:20:41.856000000,MILLISECONDS,cpu_utilization,28.116384370328763,DOUBLE,memory_utilization,45.8833685083322,DOUBLE
region,ap-east-1,az,ap-east-1c,hostname,host-YnYUN,2020-03-18 01:53:29.970000000,MILLISECONDS,cpu_utilization,25.296448996599906,DOUBLE,memory_utilization,10.706327874358568,DOUBLE
region,us-west-2,az,us-west-2a,hostname,host-Axf0g,2020-03-18 03:36:18.026000000,MILLISECONDS,memory_utilization,34.262280636107164,DOUBLE,cpu_utilization,78.0093856662323,DOUBLE
region,ap-east-1,az,ap-east-1b,hostname,host-5tFc4,2020-03-18 03:32:23.606000000,MILLISECONDS,cpu_utilization,99.07383930960766,DOUBLE,memory_utilization,80.22581651780494,DOUBLE
region,ap-east-1,az,ap-east-1a,hostname,host-MqLuQ,2020-03-18 03:25:03.204000000,MILLISECONDS,cpu_utilization,88.86654271098405,DOUBLE,memory_utilization,68.8866642132534,DOUBLE
region,us-east-2,az,us-east-2c,hostname,host-93VEW,2020-03-18 01:59:39.208000000,MILLISECONDS,memory_utilization,16.86029681289795,DOUBLE,cpu_utilization,54.35163504218059,DOUBLE
region,us-east-2,az,us-east-2b,hostname,host-XsevF,2020-03-18 01:43:41.877000000,MILLISECONDS,cpu_utilization,5.134902804017097,DOUBLE,memory_utilization,13.07591182058422,DOUBLE
region,eu-central-1,az,eu-central-1b,hostname,host-AyzHS,2020-03-18 02:15:22.468000000,MILLISECONDS,memory_utilization,15.48324280519445,DOUBLE,cpu_utilization,56.33287902084998,DOUBLE
region,us-east-1,az,us-east-1a,hostname,host-ExOui,2020-03-18 03:30:57.415000000,MILLISECONDS,memory_utilization,23.675284388327,DOUBLE,cpu_utilization,2.7596732779017223,DOUBLE
region,ap-east-1,az,ap-east-1c,hostname,host-k4tpD,2020-03-18 03:14:18.441000000,MILLISECONDS,memory_utilization,35.19008690310086,DOUBLE,cpu_utilization,71.19106519601385,DOUBLE
region,eu-central-1,az,eu-central-1c,hostname,host-DaEpR,2020-03-18 01:52:37.480000000,MILLISECONDS,memory_utilization,24.238853712438903,DOUBLE,cpu_utilization,60.97749982362489,DOUBLE
region,us-east-2,az,us-east-2c,hostname,host-IUYO1,2020-03-18 03:18:51.758000000,MILLISECONDS,memory_utilization,24.763591066756945,DOUBLE,cpu_utilization,21.793467635209666,DOUBLE
region,us-west-2,az,us-west-2c,hostname,host-CWdXX,2020-03-18 02:28:03.546000000,MILLISECONDS,memory_utilization,31.10096350498207,DOUBLE,cpu_utilization,97.76097886323993,DOUBLE
region,us-east-1,az,us-east-1c,hostname,host-G042D,2020-03-18 02:06:56.550000000,MILLISECONDS,cpu_utilization,99.83650726269484,DOUBLE,memory_utilization,84.22700874460972,DOUBLE
region,eu-central-1,az,eu-central-1c,hostname,host-we4v0,2020-03-18 02:21:51.221000000,MILLISECONDS,memory_utilization,26.34013234714584,DOUBLE,cpu_utilization,35.67542992564583,DOUBLE
region,us-east-1,az,us-east-1c,hostname,host-RdQRf,2020-03-18 02:23:41.834000000,MILLISECONDS,cpu_utilization,97.47555992442815,DOUBLE,memory_utilization,86.76032237067724,DOUBLE
region,us-west-1,az,us-west-1c,hostname,host-l9M6E,2020-03-18 03:40:00.344000000,MILLISECONDS,memory_utilization,36.990234123259775,DOUBLE,cpu_utilization,52.076377866068036,DOUBLE
region,eu-north-1,az,eu-north-1a,hostname,host-rZUNx,2020-03-18 02:09:36.078000000,MILLISECONDS,memory_utilization,51.67978410695469,DOUBLE,cpu_utilization,21.628866302070282,DOUBLE
region,us-west-1,az,us-west-1b,hostname,host-RhsVc,2020-03-18 03:11:36.183000000,MILLISECONDS,memory_utilization,49.01990977306649,DOUBLE,cpu_utilization,40.68968937204886,DOUBLE
region,us-east-2,az,us-east-2a,hostname,host-33qyR,2020-03-18 01:48:14.489000000,MILLISECONDS,memory_utilization,35.49272364426308,DOUBLE,cpu_utilization,36.48131919430988,DOUBLE
region,eu-north-1,az,eu-north-1b,hostname,host-9X6GC,2020-03-18 02:21:25.706000000,MILLISECONDS,memory_utilization,15.798872428279207,DOUBLE,cpu_utilization,54.652743595806335,DOUBLE
region,us-east-2,az,us-east-2b,hostname,host-espRj,2020-03-18 02:36:54.857000000,MILLISECONDS,memory_utilization,47.928137324336795,DOUBLE,cpu_utilization,76.99839785940675,DOUBLE
region,us-east-1,az,us-east-1c,hostname,host-dRIJj,2020-03-18 02:57:03.838000000,MILLISECONDS,memory_utilization,47.419411404634104,DOUBLE,cpu_utilization,94.47937631922801,DOUBLE
region,us-east-1,az,us-east-1b,hostname,host-D4hV2,2020-03-18 03:04:48.667000000,MILLISECONDS,cpu_utilization,31.75114528966474,DOUBLE,memory_utilization,86.33160555118246,DOUBLE
region,us-west-1,az,us-west-1c,hostname,host-ql6UH,2020-03-18 02:10:08.450000000,MILLISECONDS,cpu_utilization,77.0492765214793,DOUBLE,memory_utilization,34.472645214092594,DOUBLE
region,eu-north-1,az,eu-north-1c,hostname,host-7ZF9L,2020-03-18 02:50:57.083000000,MILLISECONDS,cpu_utilization,63.45923301351507,DOUBLE,memory_utilization,12.281836947161917,DOUBLE
region,us-east-1,az,us-east-1a,hostname,host-Bwb3j,2020-03-18 03:22:15.966000000,MILLISECONDS,cpu_utilization,24.999306359242983,DOUBLE,memory_utilization,73.11203913223207,DOUBLE
region,eu-central-1,az,eu-central-1b,hostname,host-7UesJ,2020-03-18 03:29:48.669000000,MILLISECONDS,cpu_utilization,94.7837607524857,DOUBLE,memory_utilization,28.077152981374446,DOUBLE
region,us-east-2,az,us-east-2a,hostname,host-2Sn8z,2020-03-18 02:12:48.812000000,MILLISECONDS,memory_utilization,80.22233344791702,DOUBLE,cpu_utilization,68.88303948809164,DOUBLE
region,us-west-1,az,us-west-1c,hostname,host-l9M6E,2020-03-18 02:27:45.871000000,MILLISECONDS,memory_utilization,37.2598362764466,DOUBLE,cpu_utilization,29.08269534970178,DOUBLE
region,eu-central-1,az,eu-central-1c,hostname,host-we4v0,2020-03-18 01:50:50.473000000,MILLISECONDS,cpu_utilization,81.7408021756504,DOUBLE,memory_utilization,85.85103578137365,DOUBLE
region,us-east-2,az,us-east-2a,hostname,host-JI1Tc,2020-03-18 01:49:22.278000000,MILLISECONDS,memory_utilization,65.94542224208868,DOUBLE,cpu_utilization,74.69576586630536,DOUBLE
region,eu-north-1,az,eu-north-1a,hostname,host-rZUNx,2020-03-18 03:02:57.068000000,MILLISECONDS,memory_utilization,70.08041697434427,DOUBLE,cpu_utilization,92.93008761678371,DOUBLE
region,eu-north-1,az,eu-north-1b,hostname,host-dYXCG,2020-03-18 01:53:06.303000000,MILLISECONDS,cpu_utilization,39.63602975855706,DOUBLE,memory_utilization,61.23425140367872,DOUBLE
region,eu-north-1,az,eu-north-1a,hostname,host-wWlQ3,2020-03-18 03:09:20.753000000,MILLISECONDS,cpu_utilization,58.7278676656409,DOUBLE,memory_utilization,70.42534991403664,DOUBLE
region,ap-east-1,az,ap-east-1a,hostname,host-VIR5T,2020-03-18 02:48:55.826000000,MILLISECONDS,memory_utilization,46.86945053932072,DOUBLE,cpu_utilization,15.725438772240867,DOUBLE
region,us-east-2,az,us-east-2b,hostname,host-ilMBa,2020-03-18 03:21:11.839000000,MILLISECONDS,cpu_utilization,33.0501910708396,DOUBLE,memory_utilization,58.914946448296355,DOUBLE
region,us-east-1,az,us-east-1b,hostname,host-D4hV2,2020-03-18 01:39:15.056000000,MILLISECONDS,memory_utilization,30.12748891222694,DOUBLE,cpu_utilization,91.95593846058738,DOUBLE
region,us-west-1,az,us-west-1a,hostname,host-2plqa,2020-03-18 01:50:55.335000000,MILLISECONDS,cpu_utilization,48.317016914751875,DOUBLE,memory_utilization,86.46399863857289,DOUBLE
region,us-west-2,az,us-west-2a,hostname,host-JeWin,2020-03-18 03:26:22.487000000,MILLISECONDS,cpu_utilization,14.201749891299727,DOUBLE,memory_utilization,58.48679537610043,DOUBLE
region,eu-central-1,az,eu-central-1b,hostname,host-XzAwk,2020-03-18 01:57:53.969000000,MILLISECONDS,cpu_utilization,84.90324422397838,DOUBLE,memory_utilization,43.755002380940965,DOUBLE
region,eu-north-1,az,eu-north-1a,hostname,host-HE2Gm,2020-03-18 02:00:24.850000000,MILLISECONDS,memory_utilization,79.43434387069799,DOUBLE,cpu_utilization,91.76385222748016,DOUBLE
region,ap-east-1,az,ap-east-1a,hostname,host-5qzB0,2020-03-18 03:06:39.780000000,MILLISECONDS,cpu_utilization,19.793861269880544,DOUBLE,memory_utilization,53.00908136568718,DOUBLE
region,eu-central-1,az,eu-central-1a,hostname,host-7ox7I,2020-03-18 02:10:14.492000000,MILLISECONDS,cpu_utilization,43.5495014633333,DOUBLE,memory_utilization,55.1890292552969,DOUBLE
region,us-west-2,az,us-west-2b,hostname,host-NBXAr,2020-03-18 01:35:53.367000000,MILLISECONDS,cpu_utilization,16.067870337018178,DOUBLE,memory_utilization,52.8571724164762,DOUBLE
region,us-east-2,az,us-east-2b,hostname,host-tRkJg,2020-03-18 03:10:18.601000000,MILLISECONDS,memory_utilization,75.62967335441476,DOUBLE,cpu_utilization,34.20180052210607,DOUBLE
region,us-east-1,az,us-east-1b,hostname,host-EOh5a,2020-03-18 02:58:21.038000000,MILLISECONDS,cpu_utilization,49.61853970411001,DOUBLE,memory_utilization,49.842500594385356,DOUBLE
region,us-west-1,az,us-west-1b,hostname,host-RhsVc,2020-03-18 03:06:09.261000000,MILLISECONDS,memory_utilization,58.97693237215315,DOUBLE,cpu_utilization,38.76021596518424,DOUBLE
region,us-east-1,az,us-east-1a,hostname,host-Bwb3j,2020-03-18 03:15:02.939000000,MILLISECONDS,memory_utilization,83.47295646544283,DOUBLE,cpu_utilization,25.75255540311884,DOUBLE
region,eu-central-1,az,eu-central-1a,hostname,host-YL3W0,2020-03-18 02:36:05.478000000,MILLISECONDS,cpu_utilization,44.39240004291652,DOUBLE,memory_utilization,62.22854063865288,DOUBLE
region,us-west-2,az,us-west-2b,hostname,host-NBXAr,2020-03-18 02:51:56.190000000,MILLISECONDS,memory_utilization,43.90839555165912,DOUBLE,cpu_utilization,55.81138599051694,DOUBLE
region,eu-north-1,az,eu-north-1c,hostname,host-9FczW,2020-03-18 03:17:25.798000000,MILLISECONDS,cpu_utilization,85.81291926216028,DOUBLE,memory_utilization,74.54905473459429,DOUBLE
region,ap-east-1,az,ap-east-1b,hostname,host-1L7b8,2020-03-18 02:53:41.769000000,MILLISECONDS,cpu_utilization,37.68044739296518,DOUBLE,memory_utilization,78.14899163935169,DOUBLE
region,us-west-1,az,us-west-1c,hostname,host-l9M6E,2020-03-18 03:05:16.957000000,MILLISECONDS,cpu_utilization,43.932222297472464,DOUBLE,memory_utilization,15.444596426211001,DOUBLE
region,eu-central-1,az,eu-central-1b,hostname,host-AyzHS,2020-03-18 03:00:03.407000000,MILLISECONDS,cpu_utilization,42.67136903882198,DOUBLE,memory_utilization,82.9114228047809,DOUBLE
region,us-east-2,az,us-east-2c,hostname,host-6EwlU,2020-03-18 01:54:35.049000000,MILLISECONDS,cpu_utilization,84.2989180274843,DOUBLE,memory_utilization,13.700287298481761,DOUBLE
region,us-west-1,az,us-west-1a,hostname,host-OgvFx,2020-03-18 02:50:34.527000000,MILLISECONDS,cpu_utilization,39.02813389965527,DOUBLE,memory_utilization,68.74667326740389,DOUBLE
region,us-west-2,az,us-west-2a,hostname,host-JeWin,2020-03-18 01:29:19.712000000,MILLISECONDS,memory_utilization,52.760116020248574,DOUBLE,cpu_utilization,90.00980398221941,DOUBLE
region,us-west-1,az,us-west-1a,hostname,host-OgvFx,2020-03-18 03:39:33.569000000,MILLISECONDS,cpu_utilization,11.41606208747007,DOUBLE,memory_utilization,48.73894241056157,DOUBLE
region,us-west-1,az,us-west-1a,hostname,host-2plqa,2020-03-18 02:32:08.835000000,MILLISECONDS,cpu_utilization,69.76213713130325,DOUBLE,memory_utilization,27.17900194927246,DOUBLE
region,us-west-1,az,us-west-1c,hostname,host-ql6UH,2020-03-18 02:35:44.333000000,MILLISECONDS,cpu_utilization,2.3485262226903387,DOUBLE,memory_utilization,57.46042209145816,DOUBLE
region,ap-east-1,az,ap-east-1c,hostname,host-oBt3i,2020-03-18 02:57:24.520000000,MILLISECONDS,cpu_utilization,59.84365289553971,DOUBLE,memory_utilization,46.755636651585,DOUBLE
region,eu-central-1,az,eu-central-1b,hostname,host-AyzHS,2020-03-18 03:33:18.371000000,MILLISECONDS,cpu_utilization,93.85080868836164,DOUBLE,memory_utilization,47.4770026462551,DOUBLE
region,us-east-1,az,us-east-1a,hostname,host-6kMPE,2020-03-18 01:33:43.090000000,MILLISECONDS,cpu_utilization,29.6973459256623,DOUBLE,memory_utilization,41.51299247715066,DOUBLE
region,eu-north-1,az,eu-north-1c,hostname,host-aPtc6,2020-03-18 02:04:27.215000000,MILLISECONDS,memory_utilization,63.2408818200496,DOUBLE,cpu_utilization,67.70265279952625,DOUBLE
region,eu-north-1,az,eu-north-1c,hostname,host-aPtc6,2020-03-18 02:12:16.991000000,MILLISECONDS,cpu_utilization,89.8646204120743,DOUBLE,memory_utilization,39.90169603004345,DOUBLE
region,us-west-1,az,us-west-1b,hostname,host-qVmkR,2020-03-18 03:33:24.059000000,MILLISECONDS,cpu_utilization,83.85651328730351,DOUBLE,memory_utilization,25.80508270235444,DOUBLE
region,us-west-2,az,us-west-2a,hostname,host-9VMZh,2020-03-18 01:44:11.255000000,MILLISECONDS,cpu_utilization,21.439481665883168,DOUBLE,memory_utilization,69.54788889095887,DOUBLE
region,us-east-2,az,us-east-2a,hostname,host-JI1Tc,2020-03-18 02:17:40.480000000,MILLISECONDS,memory_utilization,74.054627276336,DOUBLE,cpu_utilization,75.18529801403822,DOUBLE
region,us-west-2,az,us-west-2c,hostname,host-CWdXX,2020-03-18 02:37:23.629000000,MILLISECONDS,memory_utilization,13.561262906172997,DOUBLE,cpu_utilization,54.405793386158855,DOUBLE
region,ap-east-1,az,ap-east-1c,hostname,host-k4tpD,2020-03-18 03:00:55.320000000,MILLISECONDS,cpu_utilization,3.703891504714467,DOUBLE,memory_utilization,54.398899300056875,DOUBLE
region,ap-east-1,az,ap-east-1b,hostname,host-1L7b8,2020-03-18 01:43:45.642000000,MILLISECONDS,cpu_utilization,19.66394524881466,DOUBLE,memory_utilization,40.629036246911355,DOUBLE
region,eu-north-1,az,eu-north-1c,hostname,host-9FczW,2020-03-18 02:40:20.072000000,MILLISECONDS,memory_utilization,88.1957243803693,DOUBLE,cpu_utilization,96.22293865891525,DOUBLE
region,ap-east-1,az,ap-east-1c,hostname,host-39Hem,2020-03-18 01:53:42.842000000,MILLISECONDS,memory_utilization,30.73848422814472,DOUBLE,cpu_utilization,93.0333735454385,DOUBLE
region,us-west-1,az,us-west-1c,hostname,host-Rm4jx,2020-03-18 02:53:24.545000000,MILLISECONDS,memory_utilization,42.585732506465945,DOUBLE,cpu_utilization,29.29271172276715,DOUBLE
region,eu-central-1,az,eu-central-1c,hostname,host-we4v0,2020-03-18 02:40:30.501000000,MILLISECONDS,cpu_utilization,12.336569516445715,DOUBLE,memory_utilization,11.233980252520093,DOUBLE
region,us-west-2,az,us-west-2a,hostname,host-JeWin,2020-03-18 02:10:24.166000000,MILLISECONDS,cpu_utilization,1.7840240119864395,DOUBLE,memory_utilization,25.447689483233347,DOUBLE
region,eu-north-1,az,eu-north-1c,hostname,host-7ZF9L,2020-03-18 01:40:48.298000000,MILLISECONDS,cpu_utilization,25.630263003787405,DOUBLE,memory_utilization,25.092281080266616,DOUBLE
region,eu-north-1,az,eu-north-1b,hostname,host-dYXCG,2020-03-18 02:22:19.804000000,MILLISECONDS,memory_utilization,35.34260200436577,DOUBLE,cpu_utilization,74.84797701143421,DOUBLE
region,us-west-2,az,us-west-2a,hostname,host-Axf0g,2020-03-18 02:54:58.887000000,MILLISECONDS,cpu_utilization,4.6183631445524504,DOUBLE,memory_utilization,87.72674592775408,DOUBLE
region,us-west-2,az,us-west-2c,hostname,host-fTPuU,2020-03-18 03:35:28.664000000,MILLISECONDS,memory_utilization,73.41948155320279,DOUBLE,cpu_utilization,92.08260863781616,DOUBLE
region,eu-central-1,az,eu-central-1a,hostname,host-YL3W0,2020-03-18 01:56:30.643000000,MILLISECONDS,cpu_utilization,94.01283168247167,DOUBLE,memory_utilization,37.48267170561381,DOUBLE
region,us-west-1,az,us-west-1a,hostname,host-dCRm0,2020-03-18 02:48:50.330000000,MILLISECONDS,cpu_utilization,41.601371112025,DOUBLE,memory_utilization,52.32135344514476,DOUBLE
region,eu-north-1,az,eu-north-1b,hostname,host-OsrR6,2020-03-18 02:50:56.722000000,MILLISECONDS,memory_utilization,53.453285716620584,DOUBLE,cpu_utilization,89.7091195560506,DOUBLE
region,us-east-1,az,us-east-1c,hostname,host-dRIJj,2020-03-18 03:06:59.231000000,MILLISECONDS,memory_utilization,49.67204207281441,DOUBLE,cpu_utilization,9.533103105900413,DOUBLE
region,eu-central-1,az,eu-central-1c,hostname,host-5m3qH,2020-03-18 02:39:39.272000000,MILLISECONDS,cpu_utilization,53.98455076637644,DOUBLE,memory_utilization,47.69665485137047,DOUBLE
region,us-east-2,az,us-east-2b,hostname,host-tRkJg,2020-03-18 01:29:44.959000000,MILLISECONDS,cpu_utilization,46.80300134857284,DOUBLE,memory_utilization,64.76275780453219,DOUBLE
region,ap-east-1,az,ap-east-1c,hostname,host-k4tpD,2020-03-18 02:52:37.821000000,MILLISECONDS,memory_utilization,59.613389240837726,DOUBLE,cpu_utilization,44.061589265982334,DOUBLE
region,us-west-1,az,us-west-1a,hostname,host-dCRm0,2020-03-18 01:41:17.835000000,MILLISECONDS,memory_utilization,58.7985604387734,DOUBLE,cpu_utilization,65.11194184719238,DOUBLE
region,eu-north-1,az,eu-north-1a,hostname,host-GUK1T,2020-03-18 02:07:47.674000000,MILLISECONDS,cpu_utilization,37.92705693836816,DOUBLE,memory_utilization,75.136075302027,DOUBLE
region,us-east-2,az,us-east-2a,hostname,host-JI1Tc,2020-03-18 02:36:26.708000000,MILLISECONDS,cpu_utilization,42.59164140596144,DOUBLE,memory_utilization,17.38950997825964,DOUBLE
region,ap-east-1,az,ap-east-1c,hostname,host-k4tpD,2020-03-18 03:32:50.665000000,MILLISECONDS,memory_utilization,57.70504648730644,DOUBLE,cpu_utilization,14.420485185343164,DOUBLE
region,us-east-2,az,us-east-2b,hostname,host-t1kAB,2020-03-18 02:36:00.667000000,MILLISECONDS,cpu_utilization,68.1907751101304,DOUBLE,memory_utilization,26.040843107731177,DOUBLE
region,eu-central-1,az,eu-central-1c,hostname,host-5m3qH,2020-03-18 01:38:00.263000000,MILLISECONDS,cpu_utilization,74.99554490652243,DOUBLE,memory_utilization,88.12302701231752,DOUBLE
region,ap-east-1,az,ap-east-1c,hostname,host-YnYUN,2020-03-18 01:49:00.862000000,MILLISECONDS,memory_utilization,13.791605004609204,DOUBLE,cpu_utilization,99.67768710800468,DOUBLE
region,us-east-2,az,us-east-2b,hostname,host-tRkJg,2020-03-18 02:05:38.462000000,MILLISECONDS,cpu_utilization,53.087166769974985,DOUBLE,memory_utilization,87.55590413345429,DOUBLE
region,us-west-1,az,us-west-1c,hostname,host-Rm4jx,2020-03-18 03:08:06.054000000,MILLISECONDS,cpu_utilization,89.95045169330837,DOUBLE,memory_utilization,89.7368760881369,DOUBLE
region,us-east-2,az,us-east-2c,hostname,host-N4vmd,2020-03-18 02:13:43.226000000,MILLISECONDS,cpu_utilization,95.77822445638792,DOUBLE,memory_utilization,47.304322851615524,DOUBLE
region,ap-east-1,az,ap-east-1c,hostname,host-k4tpD,2020-03-18 02:19:06.218000000,MILLISECONDS,memory_utilization,73.1440343978808,DOUBLE,cpu_utilization,48.80194294394917,DOUBLE
region,us-west-2,az,us-west-2c,hostname,host-H7Fh9,2020-03-18 01:36:22.454000000,MILLISECONDS,cpu_utilization,15.685724006491027,DOUBLE,memory_utilization,64.3184510760054,DOUBLE
region,us-east-1,az,us-east-1b,hostname,host-EOh5a,2020-03-18 02:10:19.292000000,MILLISECONDS,memory_utilization,86.59868892889688,DOUBLE,cpu_utilization,42.07134073533021,DOUBLE
region,eu-central-1,az,eu-central-1c,hostname,host-75a72,2020-03-18 02:41:09.254000000,MILLISECONDS,cpu_utilization,26.940708064095737,DOUBLE,memory_utilization,83.91969025021302,DOUBLE
region,us-west-1,az,us-west-1b,hostname,host-P0kp1,2020-03-18 02:26:38.083000000,MILLISECONDS,cpu_utilization,59.895484836694635,DOUBLE,memory_utilization,33.251702509809455,DOUBLE
region,us-west-1,az,us-west-1c,hostname,host-Rm4jx,2020-03-18 01:50:56.612000000,MILLISECONDS,memory_utilization,39.77330553160787,DOUBLE,cpu_utilization,6.639043462858398,DOUBLE
region,eu-central-1,az,eu-central-1b,hostname,host-XzAwk,2020-03-18 01:53:44.183000000,MILLISECONDS,memory_utilization,58.81162503908648,DOUBLE,cpu_utilization,92.57576351377543,DOUBLE
region,us-west-2,az,us-west-2c,hostname,host-8EBHm,2020-03-18 02:22:14.372000000,MILLISECONDS,memory_utilization,26.736745516585756,DOUBLE,cpu_utilization,20.916141552755082,DOUBLE
region,us-east-2,az,us-east-2a,hostname,host-2Sn8z,2020-03-18 03:38:29.016000000,MILLISECONDS,memory_utilization,69.50502845757708,DOUBLE,cpu_utilization,40.25059394875602,DOUBLE
region,ap-east-1,az,ap-east-1c,hostname,host-39Hem,2020-03-18 02:53:54.922000000,MILLISECONDS,cpu_utilization,84.81395728226511,DOUBLE,memory_utilization,16.978996916173188,DOUBLE
region,ap-east-1,az,ap-east-1c,hostname,host-oBt3i,2020-03-18 03:31:58.865000000,MILLISECONDS,cpu_utilization,93.649980025383,DOUBLE,memory_utilization,55.67546646656453,DOUBLE
region,eu-central-1,az,eu-central-1a,hostname,host-YL3W0,2020-03-18 03:12:21.037000000,MILLISECONDS,memory_utilization,57.54189403713675,DOUBLE,cpu_utilization,39.474823256130165,DOUBLE
region,us-west-2,az,us-west-2b,hostname,host-7c897,2020-03-18 03:22:35.741000000,MILLISECONDS,memory_utilization,55.25949507062053,DOUBLE,cpu_utilization,33.31944044498376,DOUBLE
region,ap-east-1,az,ap-east-1b,hostname,host-5tFc4,2020-03-18 02:48:56.063000000,MILLISECONDS,memory_utilization,37.091546557456915,DOUBLE,cpu_utilization,20.343860398516416,DOUBLE
region,us-west-1,az,us-west-1a,hostname,host-yBO2U,2020-03-18 02:24:24.410000000,MILLISECONDS,memory_utilization,73.73804413716456,DOUBLE,cpu_utilization,76.55524935009689,DOUBLE
region,eu-central-1,az,eu-central-1b,hostname,host-XzAwk,2020-03-18 02:27:26.068000000,MILLISECONDS,cpu_utilization,56.41152445311938,DOUBLE,memory_utilization,48.16492370016541,DOUBLE
region,us-west-2,az,us-west-2c,hostname,host-mL4fa,2020-03-18 01:43:44.637000000,MILLISECONDS,memory_utilization,46.882711543008625,DOUBLE,cpu_utilization,92.6429745191689,DOUBLE
region,ap-east-1,az,ap-east-1b,hostname,host-1L7b8,2020-03-18 02:30:44.787000000,MILLISECONDS,memory_utilization,72.16327569406205,DOUBLE,cpu_utilization,36.92032933632805,DOUBLE
region,us-east-2,az,us-east-2a,hostname,host-WgAuL,2020-03-18 02:21:03.844000000,MILLISECONDS,memory_utilization,16.786493688637734,DOUBLE,cpu_utilization,81.4789707704146,DOUBLE